Date,Month,Year,Holidays_Count,Days,PM2.5,PM10,NO2,SO2,CO,Ozone,AQI
1,1,2021,0,5,180.57,458.9,42.35,10.03,1.57,19.04,336
2,1,2021,0,6,146.71,371.52,27.41,10.05,1.14,13.37,351
3,1,2021,1,7,76.94,190.39,13.17,10.32,0.96,14.67,241
4,1,2021,0,1,58.12,111.38,67.6,12.79,1.01,12.77,90
5,1,2021,0,2,44.66,86.96,55.96,9.97,1.41,15.82,99
6,1,2021,0,3,74.92,158.51,24.95,10.87,1.14,18.63,125
7,1,2021,0,4,68.94,158.37,21.69,9.63,1.22,17.04,164
8,1,2021,0,5,67.81,154.24,15.97,10.32,1.3,17.07,125
9,1,2021,0,6,82.81,197.12,18.89,10.39,1.18,21.45,182
10,1,2021,1,7,72.44,152.12,14.32,9.53,1,16.58,148
11,1,2021,0,1,80.95,167.24,15.17,9.83,1.15,24.15,167
12,1,2021,0,2,84.14,213.35,13.37,12.27,0.95,16.6,185
13,1,2021,0,3,116.08,315.32,22.61,13.57,1.64,15.13,253
14,1,2021,0,4,218.99,500.68,45.65,13.48,1.56,20.03,349
15,1,2021,0,5,228.87,571.14,36.16,15.02,1.92,22.8,435
16,1,2021,0,6,118.15,240.92,18.57,11.12,1.29,17.76,303
17,1,2021,1,7,108.19,203.19,13.28,11.1,1.53,18.45,232
18,1,2021,0,1,125.55,250.27,14.53,18.76,1.08,20.38,263
19,1,2021,0,2,143.08,329.33,8.81,9.78,1.37,15.31,316
20,1,2021,0,3,72.58,152.81,5.31,12,0.92,17.18,134
21,1,2021,0,4,84.71,187.89,8.86,12.27,1,22.61,172
22,1,2021,0,5,122.53,305.75,10.68,11.97,1.22,17.72,278
23,1,2021,0,6,80.89,204.21,5.36,11.51,1.47,22.88,187
24,1,2021,1,7,106.69,239.53,5.41,11.07,1.28,10.07,235
25,1,2021,0,1,96.73,231.87,10.72,11.98,1.24,15.64,205
26,1,2021,1,2,91.3,215.82,12.56,10.59,1.12,18.47,196
27,1,2021,0,3,94.92,208.69,16.14,11.63,1.7,19.2,216
28,1,2021,0,4,115.76,248.76,27.12,13.01,1.26,17.71,236
29,1,2021,0,5,113.86,268.99,32.37,11.29,1.1,22.87,268
30,1,2021,0,6,92.29,222.38,31.47,12.22,1.19,22.78,200
31,1,2021,1,7,93.15,227.62,32.01,13.54,0.92,23.08,214
1,2,2021,0,1,115.01,250.44,38.94,12.02,1.4,23.36,251
2,2,2021,0,2,122.27,281.65,39.95,14.12,1.24,25.18,269
3,2,2021,0,3,89.64,221.46,33.11,11.99,1.15,28.06,208
4,2,2021,0,4,77.81,184.34,30.9,8.67,1.31,16.49,203
5,2,2021,0,5,55.97,112.64,29.43,5.52,1.84,17.04,104
6,2,2021,0,6,58.99,117.16,28.84,5.91,0.92,20.45,109
7,2,2021,1,7,66.47,172.36,30.16,4.97,0.68,16.88,134
8,2,2021,0,1,86.35,268.63,19.73,6.84,1.34,18.27,178
9,2,2021,0,2,94.92,231.97,38.32,8.08,1.17,17.72,217
10,2,2021,0,3,88.67,221.18,40.73,5.4,1.15,20.53,191
11,2,2021,0,4,104.58,233.99,38.6,8.39,1.22,17.79,232
12,2,2021,0,5,96.35,217.19,33.97,7.28,1.17,14.9,215
13,2,2021,0,6,86.45,250.34,29.72,7.86,1.55,19.41,183
14,2,2021,1,7,120.71,350.54,38.24,7.83,1.3,28.98,319
15,2,2021,0,1,108.76,284.39,38.33,7.36,1.14,27.1,257
16,2,2021,0,2,100.8,281.46,42.79,7.1,1.06,30.63,234
17,2,2021,0,3,108.28,360.99,38.9,7.59,1.21,28.22,295
18,2,2021,0,4,103.04,324.7,41.04,8.08,1.04,23.51,289
19,2,2021,0,5,86.08,316.81,33.87,7.03,1.24,20.17,275
20,2,2021,0,6,62.31,169.41,31.88,7.18,0.94,28.24,159
21,2,2021,1,7,95.2,369.53,34.27,10.06,1.08,22.06,281
22,2,2021,0,1,86.43,357.19,32.99,7.74,1.12,20.63,283
23,2,2021,0,2,78.79,367.3,35.62,8.68,1.09,24.41,287
24,2,2021,0,3,91.83,398.59,36.92,9.24,1.66,23.62,360
25,2,2021,0,4,82.2,407.85,33.76,8.48,0.89,17.98,309
26,2,2021,0,5,71.37,271.28,29.92,13.06,1.05,19.6,245
27,2,2021,0,6,79.63,219.59,26.75,10.27,1.47,25.87,184
28,2,2021,1,7,83.1,274.57,28.3,11.96,1.29,36.29,253
1,3,2021,0,1,65.2,224.29,31.05,10.37,1.04,25.26,186
2,3,2021,0,2,65.13,245.93,26.58,10.07,0.99,31.19,195
3,3,2021,0,3,67.71,297.37,33.79,15.74,1.29,27.97,219
4,3,2021,0,4,97.47,318.17,46.37,11.82,1.35,26.03,292
5,3,2021,0,5,82.26,302.97,34.09,10.13,1.21,26.37,282
6,3,2021,0,6,75.4,315.77,37.48,14.53,1.15,22.72,222
7,3,2021,1,7,79.9,287.48,40.27,11.03,1.02,32.92,285
8,3,2021,0,1,78.7,253.83,29.79,7.3,0.81,36.51,197
9,3,2021,0,2,93.4,315.09,30.26,7.14,0.96,30.19,255
10,3,2021,0,3,80.45,248.73,30.08,8.9,1.37,23.29,203
11,3,2021,1,4,101.69,319.12,31.24,8.67,1.33,14.32,302
12,3,2021,0,5,67.1,201.91,27.53,6.67,0.82,11.22,174
13,3,2021,0,6,78.91,302.96,27.97,11.06,1.08,15.49,241
14,3,2021,1,7,66,238.62,24.15,10.01,0.93,14.11,209
15,3,2021,0,1,74.58,284.16,26.14,13.11,0.68,15.64,220
16,3,2021,0,2,172.6,402.58,29.47,15.91,1.44,10.54,299
17,3,2021,0,3,209.64,423.31,28.42,12.19,0.72,9.26,402
18,3,2021,0,4,216.6,421.63,30.68,13.95,0.7,29.91,376
19,3,2021,0,5,177.01,351.88,30.42,10.8,0.76,22.33,360
20,3,2021,0,6,143.86,310.02,28.43,12.5,0.69,15.35,327
21,3,2021,1,7,171.25,296.35,29.6,10.22,0.72,19.76,336
22,3,2021,0,1,108.25,226.09,30.51,9.3,0.4,24.28,261
23,3,2021,0,2,101.71,266.63,30.85,7.53,0.5,17.38,264
24,3,2021,0,3,80.51,251.9,28.92,10.7,0.59,21.23,201
25,3,2021,0,4,59.72,187.75,24.65,9.43,0.42,25.48,178
26,3,2021,0,5,91.65,226.56,28.72,13.93,0.54,27.59,202
27,3,2021,0,6,130.48,230.24,28.67,10.78,0.64,19.98,263
28,3,2021,1,7,181.79,321.48,42.29,12.11,1.01,15.1,319
29,3,2021,1,1,164.92,247.41,27.1,10.66,0.93,19.01,338
30,3,2021,0,2,258.36,369.35,22.69,9.19,0.81,22.93,370
31,3,2021,0,3,139.71,302.2,21.68,10.88,0.88,31.03,301
1,4,2021,0,4,147.41,286.62,25.42,14.26,0.72,27.1,283
2,4,2021,1,5,103.96,225.58,33.5,19.18,0.93,23.99,274
3,4,2021,0,6,95.11,198.83,36.44,14.55,1.02,24.44,228
4,4,2021,1,7,127.36,275.25,43.92,16.21,1.12,18.14,255
5,4,2021,0,1,140.43,274.95,52.49,15.62,1.07,29.93,284
6,4,2021,0,2,156.4,339.72,44.03,14.49,0.85,53.1,327
7,4,2021,0,3,136.94,295.23,29.76,9.99,1,40.95,306
8,4,2021,0,4,97.03,198.67,31.74,11.64,1.16,37.81,228
9,4,2021,0,5,114.99,249.55,36.75,18.06,0.98,36.14,249
10,4,2021,0,6,107.9,236.35,41.01,14.5,1.13,33.91,252
11,4,2021,1,7,112.5,261.79,39.14,18.09,1.1,37.97,245
12,4,2021,0,1,133.88,318.96,41.64,20.3,0.74,37.25,298
13,4,2021,0,2,135.06,366.24,41.2,16.95,1.35,31.69,299
14,4,2021,1,3,122.01,287.15,37.14,18.45,1.05,37.48,275
15,4,2021,0,4,135.46,327.8,38.92,19.4,0.94,35.23,300
16,4,2021,0,5,166.52,341.41,35.41,15.95,1.02,32.42,324
17,4,2021,0,6,53.55,119.2,21.03,9.16,1.16,27.07,168
18,4,2021,1,7,92.27,201.57,25.38,11.06,1,35.33,159
19,4,2021,0,1,133.88,297.82,36.4,19.03,0.91,34.3,278
20,4,2021,0,2,98.76,240.34,24.19,14.86,0.94,43.34,267
21,4,2021,0,3,57.11,126.36,19.33,10.79,0.52,35.53,134
22,4,2021,0,4,67.89,154.22,19.74,10.72,0.66,45.58,134
23,4,2021,0,5,55.75,137.37,19.21,9.4,0.91,43.95,126
24,4,2021,0,6,79.7,158.31,23.98,11.8,0.81,40.56,131
25,4,2021,1,7,108.96,251.43,33.28,14.02,0.97,41.9,251
26,4,2021,0,1,142.25,318.53,42.64,18,0.91,42.57,281
27,4,2021,0,2,170.74,379.11,45.61,19.6,0.76,41.16,330
28,4,2021,0,3,185.21,403.15,40.86,22.83,0.81,38.36,354
29,4,2021,0,4,211.34,431.23,33.92,20.27,0.91,41.43,363
30,4,2021,0,5,107.36,426.43,32.9,17.85,0.92,45.41,336
1,5,2021,0,6,56.23,259.15,23.7,11.75,0.83,53.12,270
2,5,2021,1,7,49.68,250.12,25.55,11.52,0.72,33.96,196
3,5,2021,0,1,141.06,427.52,23.54,15.44,0.6,28.56,325
4,5,2021,0,2,130.35,221.83,23.83,14.67,0.58,32.01,319
5,5,2021,0,3,87.81,229.07,20.09,12.49,0.83,50.72,185
6,5,2021,0,4,53.63,178.03,17.37,9.21,0.81,47.15,160
7,5,2021,0,5,26.86,141.9,19.73,10.44,0.78,45.7,132
8,5,2021,0,6,40.85,163.05,22.93,11.83,1.02,43.42,146
9,5,2021,1,7,86.61,150.4,19.07,9.49,0.59,51.94,169
10,5,2021,0,1,61.19,131.2,22.13,9.45,0.75,50.08,141
11,5,2021,0,2,60.62,164.18,16.35,8.89,0.88,47.15,138
12,5,2021,0,3,64,164.21,17.49,9.27,1.13,42.07,146
13,5,2021,0,4,39.06,102.43,18.84,8.32,0.73,38.19,126
14,5,2021,1,5,42.51,120.9,17.49,8.16,0.81,43.98,107
15,5,2021,0,6,79.04,208.03,19.01,8.85,0.72,39.21,148
16,5,2021,1,7,81.39,173.07,24.46,9.32,0.73,44.51,186
17,5,2021,0,1,98.98,228.86,32.35,13.59,0.59,34.11,236
18,5,2021,0,2,23.69,79.7,17.75,7.26,0.51,20.32,107
19,5,2021,0,3,23.4,69.95,13.63,7.57,0.58,18.66,80
20,5,2021,0,4,30.79,53.18,16.02,6.3,0.66,32.25,43
21,5,2021,0,5,33.65,69.03,15.62,5.39,0.71,35.54,71
22,5,2021,0,6,38.24,71.3,19.33,5.56,0.79,44.61,66
23,5,2021,1,7,310.48,327.8,16.57,6.28,0.63,38.88,289
24,5,2021,0,1,89.56,171.73,21.2,7.68,0.66,42.35,240
25,5,2021,0,2,71.25,179.11,25.91,8.03,0.62,46.08,160
26,5,2021,1,3,83.75,174.2,32.04,9.32,0.65,41.45,158
27,5,2021,0,4,72.48,178.35,28.85,8.24,0.77,40.1,171
28,5,2021,0,5,39.76,120.11,17.35,7.15,0.51,44.79,119
29,5,2021,0,6,39.99,119.86,13.75,5.63,0.59,41.08,100
30,5,2021,1,7,57.64,152.14,14.21,6.53,0.59,40.93,112.5
31,5,2021,0,1,53.55,145.91,23.36,6.24,0.53,33.06,125
1,6,2021,0,2,43.64,157.06,18.63,5.23,0.64,43.67,173
2,6,2021,0,3,57.22,147.95,23.29,6.42,0.7,35.31,134
3,6,2021,0,4,62.65,162.77,20.13,8,0.52,51.53,122
4,6,2021,0,5,61.52,175.35,20.48,6.48,0.57,35.88,160
5,6,2021,0,6,48,131.85,20.2,5.75,0.51,29.96,145
6,6,2021,1,7,57,166.19,17.59,5.96,0.65,21.85,130
7,6,2021,0,1,79.08,223.09,28.51,9.34,1.02,40.6,180
8,6,2021,0,2,156.9,444.96,22.89,9.52,0.61,14.71,219
9,6,2021,0,3,149.78,338.64,19.12,8.19,0.55,15.73,377
10,6,2021,0,4,98.24,309.53,14.46,5.95,0.59,15.54,293
11,6,2021,0,5,63.99,203.74,19.33,6.2,0.65,19.32,164
12,6,2021,0,6,42.37,136.71,14.86,5.82,1.8,17.38,176
13,6,2021,1,7,31.13,99.76,18.54,6.26,1.37,17.77,144.5
14,6,2021,0,1,39.41,135.64,22.53,7.27,0.94,16.56,113
15,6,2021,0,2,35.16,137.37,14.85,5.3,1.15,15.35,123
16,6,2021,0,3,25.61,111.25,18.53,6.25,1.64,16.29,123
17,6,2021,0,4,45.16,115.22,18.69,4.7,1.19,15.92,109
18,6,2021,0,5,31.19,84.86,12.71,6,1.15,15.02,92
19,6,2021,0,6,27.25,78.47,12.66,6.87,0.97,15.56,81
20,6,2021,1,7,29.87,62.71,11.54,5.85,0.68,16.46,69
21,6,2021,0,1,44.18,90.01,16.47,7.66,0.88,20.81,74
22,6,2021,0,2,87.14,186.84,20.76,8.11,0.73,32.06,126
23,6,2021,0,3,90.68,325.54,25.56,8.86,0.73,16.31,289
24,6,2021,0,4,62.1,190.03,18.35,5.84,0.59,15.36,143
25,6,2021,0,5,82.57,224.07,19.47,6.57,0.67,24.19,152
26,6,2021,0,6,55.33,174.25,27.38,6.45,0.65,21.79,161
27,6,2021,1,7,91.03,225.75,23.85,7.67,0.82,15.55,171
28,6,2021,0,1,64.22,176.07,17.78,5.19,0.78,17.67,161
29,6,2021,0,2,135.19,270.65,28.34,8.22,1.07,13.81,210
30,6,2021,0,3,179.04,452.06,22.02,7.59,0.78,22.52,298
1,7,2021,0,4,93.52,282.55,21.21,6.97,0.79,32.74,301
2,7,2021,0,5,94.91,294.19,21.49,8.52,0.85,29.18,273
3,7,2021,0,6,61.86,166.37,19.9,6.41,0.68,11.53,157
4,7,2021,1,7,67.48,202.76,24.17,6.63,0.71,11.17,160.5
5,7,2021,0,1,71.42,194.87,19.26,6.64,0.88,17.75,164
6,7,2021,0,2,48.36,203.22,19.92,8.3,0.91,19.58,171
7,7,2021,0,3,45.19,246.24,22.84,7.16,0.8,9.99,212
8,7,2021,0,4,77.28,238.49,19.86,7.46,1.42,26.81,177
9,7,2021,0,5,57.74,141.15,21.06,6.41,1.31,55.59,173
10,7,2021,0,6,38.53,92.37,18.03,5.05,1.68,57.67,130
11,7,2021,1,7,44.34,118.52,15.07,5.56,0.52,46.55,101
12,7,2021,0,1,29.66,100.48,15.57,6.19,0.79,36.43,106
13,7,2021,0,2,28.25,72.23,22.82,7.92,0.43,23.18,77
14,7,2021,0,3,40.64333333,90.55,23.81,7.59,1.07,24.96,88
15,7,2021,0,4,53.03666667,119.85,20.37,4.93,0.84,24.79,102
16,7,2021,0,5,65.43,118.07,20.32,5.9,0.67,31.89,100
17,7,2021,0,6,47.13,122.45,18.02,5.46,0.66,34.65,138
18,7,2021,1,7,14.26,111.96,19.24,5.45,0.59,30.97,109
19,7,2021,0,1,8.33,42.62,17.87,5.06,0.7,24.3,66
20,7,2021,0,2,13.03,67.13,21.17,5.63,0.62,28.5,55
21,7,2021,1,3,15.03,91.89,21.6,6.73,0.74,23.16,67
22,7,2021,0,4,18.3,128.38,16.94,4.46,0.7,27.51,136
23,7,2021,0,5,18.05,57.07,18.72,4.47,0.57,31.17,55
24,7,2021,0,6,25.3,117.23,23.64,5.42,0.75,38.63,92
25,7,2021,1,7,25.32,82.54,21.48,5.64,0.62,34.08,99
26,7,2021,0,1,36.58,87.93,18.85,5.23,0.78,37.97,72
27,7,2021,0,2,25.44,65.92,16.85,4.85,0.64,18.37,83
28,7,2021,0,3,15.33,35.48,15.8,4.43,0.53,17.41,42
29,7,2021,0,4,21.49,53.18,16.61,4.81,0.7,18.13,49
30,7,2021,0,5,26.06,75.76,22.56,7.21,1.24,23.69,76
31,7,2021,0,6,17.19,47.57,19.46,4.53,1.03,29.65,55
1,8,2021,1,7,19.22,63.36,21.01,4.75,1.09,21.84,67
2,8,2021,0,1,22.73,73.49,27.53,5.58,1.07,21.47,76
3,8,2021,0,2,21.51,66.33,21.93,4.91,0.85,27.78,61
4,8,2021,0,3,26.42,62.72,22.88,4.54,1.01,30.63,62
5,8,2021,0,4,45.36,104.71,25.82,4.79,0.73,33.69,94
6,8,2021,0,5,36.91,99.92,26.4,4.75,0.66,38.31,101
7,8,2021,0,6,36.9,85.27,27.24,5.61,0.68,22.99,94
8,8,2021,1,7,40.79,71,27.17,5.12,0.6,20.32,87
9,8,2021,0,1,54.97,83.81,27.89,5.17,0.91,30.71,96
10,8,2021,0,2,52.76,154.44,22.69,5.66,0.72,24.15,105
11,8,2021,0,3,69.42,136.1,19.03,4.29,0.98,23.21,142
12,8,2021,0,4,54.86,80.4,17.98,5.77,0.53,27.19,121
13,8,2021,0,5,50.37,85.57,17.89,5.8,0.56,26.78,103
14,8,2021,0,6,42.78,74.9,17.82,7.07,1.12,29.37,90
15,8,2021,1,7,48.9,79.18,15.94,6.13,1.03,30.63,77
16,8,2021,0,1,52.63,88.34,19.07,6.61,1.34,29.42,101
17,8,2021,0,2,47.74,91.43,20.55,6.1,0.78,37.08,93
18,8,2021,0,3,52.81,89.92,21.78,7.11,0.64,42.54,92
19,8,2021,0,4,54.32,84.84,31.28,5.61,0.82,43.2,98
20,8,2021,1,5,40.87,78.49,24.43,5.62,0.89,28.28,81
21,8,2021,0,6,19.35,46.99,19.45,5.98,1.11,24.46,60
22,8,2021,1,7,17.78,68.4,17.26,5.81,0.39,29.15,50
23,8,2021,0,1,30.14,90.4,20.48,3.89,1.1,27.18,88
24,8,2021,0,2,35.75,96.08,23.2,5.17,0.6,24.06,103.5
25,8,2021,0,3,49.39,159.95,23.52,5.88,0.91,22.87,119
26,8,2021,0,4,38.64,143.08,22.54,4.97,0.6,26.98,130
27,8,2021,0,5,55.74,183.15,19.7,7.52,0.7,29.6,150
28,8,2021,0,6,56.86,176.93,22.39,4.66,1.09,34.39,160
29,8,2021,1,7,55.51,135.9,20.07,7.18,0.59,31.29,131
30,8,2021,1,1,36.13,75.48,14.92,4.84,0.96,34.66,86
31,8,2021,0,2,30.81,50.36,18.57,6.96,0.66,19.74,63
1,9,2021,0,3,27.68,48.52,20.45,5.85,0.65,17.49,53
2,9,2021,0,4,26.42,45.25,20.94,5.69,0.87,30.76,55
3,9,2021,0,5,15.05,42.37,17.31,4.11,1.46,29.05,68
4,9,2021,0,6,16.41,31.92,22.31,6.34,2.35,23.97,157
5,9,2021,1,7,24.65,39.3,19.2,5.22,1.65,31.31,58
6,9,2021,0,1,35.05,104.1,25.41,5.89,0.5,36.16,77
7,9,2021,0,2,37.36,92.72,19.42,3.99,0.96,33.37,96
8,9,2021,0,3,25.1,67.79,20.25,5.09,0.78,29.11,76
9,9,2021,0,4,29.39,61.01,19.73,6.97,0.87,29.15,65
10,9,2021,0,5,26.3,51.74,19.63,4.52,0.84,23.13,56
11,9,2021,0,6,14.44,45.24,21.09,6.17,0.94,22.9,38
12,9,2021,1,7,30.76,64.89,20.26,18.6,1.22,21.55,63
13,9,2021,0,1,37.02,66.7,21.76,5.75,0.74,25,75
14,9,2021,0,2,26.38,66.91,21.61,7.26,0.96,25.27,60
15,9,2021,0,3,15.14,62.95,20.22,6.45,1.11,24.45,66
16,9,2021,0,4,23.56,74.67,21.96,5.61,1.03,14.5,82
17,9,2021,0,5,20.44,86.49,21.43,6.36,1.24,23.37,70
18,9,2021,0,6,32.8,104.14,23.42,5.23,1.15,31.42,97
19,9,2021,1,7,28.69,89.72,21.38,5.36,0.99,26.29,101
20,9,2021,0,1,22.22,85.53,20.72,6.72,1.11,27.27,84
21,9,2021,0,2,36.31,93.62,21.79,8.02,0.98,25.99,90
22,9,2021,0,3,31.17,99.19,25.1,6.71,1.31,24.83,91
23,9,2021,0,4,34.08,81.5,18.62,6.31,1.28,28.23,88
24,9,2021,0,5,29.69,89.66,21.52,9.59,0.82,24.33,84
25,9,2021,0,6,50.11,105.61,23.42,5.81,0.89,29.21,101
26,9,2021,1,7,48.42,95.86,22.66,7.18,0.76,30.07,97
27,9,2021,0,1,82.93,129.03,22.9,6.7,0.87,35,153
28,9,2021,0,2,71.54,140.49,24.09,7.48,1,29.81,192
29,9,2021,0,3,37.74,94.29,23.66,7.55,0.83,26.42,97
30,9,2021,0,4,56.75,106.06,23.84,6.65,0.56,28.23,94
1,10,2021,0,5,57.53,130.55,29.85,8.41,0.57,23.86,120
2,10,2021,1,6,78.49,142.44,22.53,6.36,0.81,29.14,146
3,10,2021,1,7,52.56,134.51,20.2,7.58,0.8,21.04,126
4,10,2021,0,1,47.24,106.85,20.37,6.45,0.54,19.57,110
5,10,2021,0,2,61.97,147.1,22.5,5.13,0.66,35.02,124
6,10,2021,0,3,73.07,139.89,22.81,5.38,1.04,28.29,142
7,10,2021,0,4,114.18,189.56,24.76,12.76,0.59,38.25,202
8,10,2021,0,5,101.28,220.86,30.98,9.73,1.21,35.69,285
9,10,2021,0,6,62.15,214.76,29.26,9.12,0.78,31.01,176
10,10,2021,1,7,73.59,230.12,28.85,7.59,1.27,28.6,184
11,10,2021,0,1,79.9,213.21,29,8.54,0.96,29.96,195
12,10,2021,0,2,95.23,257.71,32.09,7.33,1.21,30.91,202
13,10,2021,0,3,111.75,264.42,31.29,6.67,0.82,48.03,216
14,10,2021,0,4,142.98,239.16,35.9,9.5,1.59,51.65,313
15,10,2021,1,5,111.29,251.25,35.12,6.68,1.4,52.5,274
16,10,2021,0,6,178.57,326.42,38.6,9.4,1.9,68.4,322
17,10,2021,1,7,179.92,296.56,29.84,9.34,1.91,39.92,257
18,10,2021,0,1,71.83,89.93,22.05,4.12,1.71,29.3,192
19,10,2021,1,2,92.66,133.3,21.06,7.37,1.23,40.16,127
20,10,2021,0,3,142.93,259.05,32.53,7.79,1.49,41.86,303
21,10,2021,0,4,120.71,262.84,33.35,7.49,1.45,33.17,284
22,10,2021,0,5,91.97,202.75,51.35,7.34,2.28,32.57,234.5
23,10,2021,0,6,81.9,151.2,66.6,5.65,1.4,44.6,185
24,10,2021,1,7,89.57,137.99,51.99,9.96,1.29,56.75,188
25,10,2021,0,1,47.82,100.68,66.92,7.27,1.44,40.25,101
26,10,2021,0,2,83.3,170.07,63.99,8,1.96,40.8,154
27,10,2021,0,3,125.19,260.5,80.86,8.11,2.14,44.5,268
28,10,2021,0,4,166.97,284,84.43,10.82,2.18,36.09,312
29,10,2021,0,5,193.68,302.64,87.56,13.11,2.73,51.36,354
30,10,2021,0,6,174.94,263.66,88.94,7.11,2.58,47.58,347
31,10,2021,1,7,167.59,276.55,77.2,10.99,2.37,52.22,339
1,11,2021,0,1,188.92,278.87,96.37,8.6,3.04,59.26,345
2,11,2021,0,2,172.05,246.93,87.98,9.43,2.27,55.73,343
3,11,2021,0,3,166.74,270.13,101.78,9.21,2.23,13.08,328
4,11,2021,1,4,296.67,499.93,76.16,4.03,1.81,7.64,388
5,11,2021,0,5,367.68,576.3,58,13.73,1.41,6.52,459
6,11,2021,0,6,295.9,530.25,84.76,6.22,1.93,5.89,425
7,11,2021,1,7,201.59,357.8,91.46,7.09,1.07,10.14,397
8,11,2021,0,1,209.9,333.14,96.97,10.27,1.56,8.71,363
9,11,2021,0,2,214.15,344.83,94.98,9.19,1.26,6.07,375
10,11,2021,0,3,202.37,347.01,88.68,9.77,1.5,9.42,352
11,11,2021,0,4,253.7,432.12,87.37,7.94,2.27,6.87,391
12,11,2021,0,5,318.38,524,63.17,10.24,1.23,5.73,417
13,11,2021,0,6,277.96,504.38,52.83,7.36,2.51,16.01,448
14,11,2021,1,7,158.44,303.1,48.24,8.98,1.38,19.98,334
15,11,2021,0,1,201.28,346.77,56.06,10.01,1.53,8.54,342
16,11,2021,0,2,217.15,371.52,51.09,10.99,1.85,18.89,382
17,11,2021,0,3,171.92,329.96,50.02,12.01,2.52,23.48,358
18,11,2021,0,4,179.95,332.98,55.16,11.94,1.67,23.09,325
19,11,2021,1,5,204.75,364.03,54.51,14.6,2.07,21.74,367
20,11,2021,0,6,190.83,353.59,53.14,14.63,2.25,20.61,346
21,11,2021,1,7,183.1,326.47,54.34,9.48,1.18,20.28,353
22,11,2021,0,1,154.84,282.87,44.49,9.87,1.18,23.38,336
23,11,2021,0,2,125.31,236.42,39.01,11.48,2.12,20.99,293
24,11,2021,0,3,158.09,304.71,67.48,13.93,1.47,12.74,274
25,11,2021,0,4,236.7,347.79,65.76,14.13,1.7,3.26,376
26,11,2021,0,5,199.45,415.45,61.53,15.38,2.16,4.57,360
27,11,2021,0,6,258.66,363.36,57.47,12.25,1.98,8.49,402
28,11,2021,1,7,303.31,432.37,56.9,12.88,2.04,8.6,416
29,11,2021,0,1,260.03,416.95,49.25,14.83,1.33,8.72,404
30,11,2021,0,2,213.36,294.81,46.56,13.01,1.67,19.53,372
1,12,2021,0,3,237.59,369.4,54.87,11.65,1.98,21.89,374
2,12,2021,0,4,313.45,494.29,44.69,6.68,1.66,16.45,441
3,12,2021,0,5,200.57,345.53,37.22,11.68,1.3,12.27,359
4,12,2021,0,6,147.48,247.97,35.81,9.15,1.23,14.17,360
5,12,2021,1,7,163.12,294.97,48.13,17.21,2.26,15.53,279
6,12,2021,0,1,161.28,263.39,40.93,15.13,2.14,18.73,353
7,12,2021,0,2,132.03,223.54,37.23,19.25,1.76,14.64,298
8,12,2021,0,3,140.43,242.51,39.52,12.56,2,16.25,294
9,12,2021,0,4,166.79,268.29,45.33,14.9,1.01,10.27,318
10,12,2021,0,5,160.11,284.75,48.13,7.49,1.45,15.71,331
11,12,2021,0,6,129.36,223.03,40.31,11.29,1.13,18.21,319
12,12,2021,1,7,141.73,219.22,44.38,11.87,1.84,17.31,278
13,12,2021,0,1,179.54,297.37,43.97,15.79,2.02,19.59,322
14,12,2021,0,2,143.49,384.99,48.38,13.93,2.85,25.23,323
15,12,2021,0,3,199.72,330.83,46.02,13.39,1.58,16.97,327
16,12,2021,0,4,243.89,369.45,51.43,6.83,1.78,14.89,361
17,12,2021,0,5,157.97,284.83,35.63,7.99,1.01,25.87,338
18,12,2021,0,6,150.21,265.33,32.11,7.85,0.94,18.31,325
19,12,2021,1,7,169.68,265.16,37.56,8.86,0.93,20.58,292
20,12,2021,0,1,163.75,351.63,40.95,11.03,1.51,18.38,294
21,12,2021,0,2,227.86,505.18,47.47,10.82,1.76,18.42,390
22,12,2021,0,3,333.3,499.26,49.88,10.58,1.68,19.22,432
23,12,2021,0,4,149.42,385.58,61.2,9.63,1.87,26.32,361
24,12,2021,0,5,158.91,363.15,49.77,11.18,2.1,19.82,324
25,12,2021,1,6,298.56,548.68,52.71,12.67,3.9,31.48,392
26,12,2021,1,7,188.31,534.41,48.99,9.74,3.93,23.39,450
27,12,2021,0,1,92.28,259.86,36.17,11.13,2.27,18.66,262
28,12,2021,0,2,108.81,300.24,49.88,9.75,2.15,14.68,276
29,12,2021,0,3,75.79,300.75,34.29,9.76,1.3,18.05,221
30,12,2021,0,4,83.23,372.65,36.97,14.92,1.12,20.74,286
31,12,2021,0,5,149.3,349.13,38.9,10.44,2.08,16.04,310
1,1,2022,0,6,253.5,379.13,36.71,11.85,1.61,22.19,319
2,1,2022,1,7,293.33,406.57,38.94,9.35,1.54,20.99,239
3,1,2022,0,1,238.23,381.27,38.79,11.48,1.76,22.31,341
4,1,2022,0,2,244.42,376.91,40.03,12.86,1.67,15.55,180
5,1,2022,0,3,265.76,442.37,42.31,9.13,2.15,11.86,196
6,1,2022,0,4,103.43,199.66,27.94,10.97,0.82,15.34,248
7,1,2022,0,5,59.77,142.35,24.23,9.1,0.65,17.87,170
8,1,2022,0,6,42.23,80.45,24.87,9.55,0.73,12.72,205
9,1,2022,1,7,46.83,86.41,20.67,9.29,0.9,8.83,235
10,1,2022,0,1,93.31,145.9,25.7,9.1,1.05,10.01,175
11,1,2022,0,2,102.3,149.78,27.71,9.2,0.91,10.11,334
12,1,2022,0,3,81.13,153.82,26.47,10.07,1.25,8.02,328
13,1,2022,0,4,140.86,289.45,33.89,9.82,1.28,4.78,337
14,1,2022,0,5,166.92,354.74,32.56,8.69,1.06,6.16,285
15,1,2022,0,6,53.69,164.6,25.03,6.31,0.62,14.41,275
16,1,2022,1,7,73.42,183.42,23.65,6.68,0.77,15.94,332
17,1,2022,0,1,69.67,269.16,33.13,6.92,0.67,15.26,314
18,1,2022,0,2,69.17,292.72,30.35,7.39,0.75,14.78,272
19,1,2022,0,3,160.26,272.93,28.45,8.33,0.94,17.06,268
20,1,2022,0,4,269.48,353.78,36.44,8.68,1.06,13.73,311
21,1,2022,0,5,230.91,310.7,34.02,8.79,1.1,16.05,241
22,1,2022,0,6,120.91,186.07,27.55,6.99,0.89,6.71,236
23,1,2022,1,7,87.1,182.95,22.05,7.78,0.81,6.67,178
24,1,2022,0,1,94.44,176.84,25.23,6.75,0.87,6.8,266
25,1,2022,0,2,136.08,240.66,27.02,7.45,1.19,8.11,315
26,1,2022,1,3,148.65,277.95,28.3,8.65,1.18,15.32,154
27,1,2022,0,4,130.1,231.62,37.55,8.06,1.02,17.13,141
28,1,2022,0,5,126.12,253.91,40,8.68,1.28,17.38,154
29,1,2022,0,6,111.85,279.36,44.93,9.86,1.14,16.71,262
30,1,2022,1,7,139.01,204.43,43.47,9.49,1.09,20.75,335
31,1,2022,0,1,139.56,214.24,47.72,9.59,1.16,20.78,260
1,2,2022,0,2,138.09,214.65,39.09,10.39,1.43,15.3,312
2,2,2022,0,3,114.38,214.65,35.55,9.22,1,29.42,246
3,2,2022,0,4,174.38,264.06,29.38,11.17,0.81,22.45,293
4,2,2022,0,5,66.1,134.48,29.62,9,0.91,17.06,324
5,2,2022,0,6,100.16,134.87,33.2,10.86,1.62,13.16,365
6,2,2022,1,7,102.73,145.05,38.28,9.96,1.55,18.16,268
7,2,2022,0,1,77.12,234.08,45.86,10.29,1.03,21.92,225
8,2,2022,0,2,116.97,275.02,49.2,10.26,1.41,18.19,200
9,2,2022,0,3,82.81,208.88,37.29,8.28,1.05,23.01,187.5
10,2,2022,0,4,117.88,182.57,39.33,8.82,0.93,15.01,175
11,2,2022,0,5,165.67,214.36,39.52,8.86,0.94,22.56,300
12,2,2022,0,6,154.07,217.09,41.68,9.01,1.15,20.96,286
13,2,2022,1,7,168.28,227.48,40.93,10.46,1.08,18.32,288
14,2,2022,0,1,125.74,194.38,45.58,7.5,1.19,18.88,267
15,2,2022,0,2,134.16,213.21,48.51,11.07,1.04,16.76,281
16,2,2022,0,3,196.6,317.13,51.53,11.45,1.22,16.81,192
17,2,2022,0,4,124.21,248.49,47.37,7.23,1.05,16.88,248
18,2,2022,0,5,153.55,287.11,40.11,9.74,0.87,19.72,297
19,2,2022,0,6,129,226.01,41.5,8.54,0.91,17.74,313
20,2,2022,1,7,133.81,181.45,37.95,8.55,0.72,23.85,282
21,2,2022,0,1,98.01,239.65,49.03,8.98,1.18,15.34,330
22,2,2022,0,2,80.39,264.34,45.01,6.7,0.8,30.42,317
23,2,2022,0,3,91.25,176.26,32.99,9.81,1.02,32.64,314.5
24,2,2022,0,4,138.31,300.04,50.33,11.03,1.18,18.36,312
25,2,2022,0,5,165,289.78,40.87,9.93,1.16,23.52,294
26,2,2022,0,6,54.77,86.51,28.38,8.82,0.51,27.7,296
27,2,2022,1,7,73.65,143.49,33.52,9.67,0.51,20.82,283
28,2,2022,0,1,74.34,198.12,38.8,8.78,0.61,22.26,334
1,3,2022,1,2,140.87,238.47,41.65,9.34,0.74,22.69,373
2,3,2022,0,3,186.5,313.16,47.94,9.34,0.85,18.95,278
3,3,2022,0,4,122.56,271.61,43.43,9.44,0.62,20.05,266
4,3,2022,0,5,158.05,254.02,33.43,9.24,0.66,23.87,250
5,3,2022,0,6,116.54,208.5,37.17,10.34,0.53,23.81,199
6,3,2022,1,7,146.66,240.91,42.5,11.02,0.74,23.97,192.5
7,3,2022,0,1,170.33,283.16,58.04,11.12,0.99,22.09,186
8,3,2022,0,2,223.62,371.92,44.02,10.89,1.02,16.48,244.5
9,3,2022,0,3,134.28,215.32,46.52,9.13,0.63,12.06,303
10,3,2022,0,4,84.91,154.51,45.89,8.89,0.69,20.19,316
11,3,2022,0,5,102.28,131.65,48.15,9.07,0.77,20.25,316
12,3,2022,0,6,70.32,121.93,50.36,9.14,0.85,19.62,280
13,3,2022,1,7,90.35,268.88,52.51,9.22,0.81,21.36,289
14,3,2022,0,1,204.85,342.89,48.75,9.71,0.95,17.71,347
15,3,2022,0,2,127.23,325.05,48.34,8.05,0.93,20.48,244
16,3,2022,0,3,134.76,307.27,39.4,8.57,0.66,21.02,266.5
17,3,2022,0,4,114.13,317.86,47.92,9.75,1.15,34.86,289
18,3,2022,1,5,98.86,302.72,39.18,7.88,0.88,34.72,247
19,3,2022,0,6,94.77,233.96,46.1,11.32,0.68,29.26,341
20,3,2022,1,7,93.32,252.11,54.54,15.01,0.92,32.01,309
21,3,2022,0,1,131.53,349.98,49.32,20.37,0.85,31.23,300
22,3,2022,0,2,136.59,270.64,32.39,17.67,0.69,37.67,260
23,3,2022,0,3,124.55,293.5,45.07,17.06,0.98,30.89,269
24,3,2022,0,4,204.43,352.1,48.17,19.56,0.69,22.79,291
25,3,2022,0,5,139.15,311.37,43.1,15.47,0.71,29.03,294
26,3,2022,0,6,148.04,336.88,40.5,19.26,0.63,30.31,298
27,3,2022,1,7,140.77,302.46,49.72,18.03,0.79,29.36,298
28,3,2022,0,1,163.88,334.91,59.24,17.99,0.88,26.12,283
29,3,2022,0,2,147.93,328.82,50.46,20.56,0.83,24.73,299
30,3,2022,0,3,163.21,317.54,56.12,17.91,1.09,21.36,295
31,3,2022,0,4,202.6,269.36,56.13,21.84,1.11,34.32,321
1,4,2022,0,5,206.82,314.63,42.27,17.57,1.08,28.55,259
2,4,2022,0,6,125.68,287.8,56.99,18.28,0.94,27.98,246
3,4,2022,1,7,119.46,296.17,51.45,20.49,1.22,27.19,309
4,4,2022,0,1,163.52,264.27,50.55,20.73,1.12,24.28,143
5,4,2022,0,2,72.04,291.64,53.58,19.82,1.16,23.41,180
6,4,2022,0,3,121.22,339.51,56.02,19.56,1.27,23.4,217
7,4,2022,0,4,75.23,258.91,59.11,21.87,1.23,23.27,272
8,4,2022,0,5,183.42,287.22,53.91,23.9,1.1,20.93,192
9,4,2022,0,6,139.16,333.44,52.51,20.22,1.48,24.51,226
10,4,2022,1,7,152.48,376.72,46.68,23.31,0.97,27.59,149
11,4,2022,0,1,133.67,288.51,50,24.18,1.19,26.03,237
12,4,2022,0,2,98.5,239.43,49.99,19.62,1.11,21.13,265
13,4,2022,0,3,187.17,367.55,49.97,17.42,1,20.52,265
14,4,2022,1,4,181.18,357.13,30.39,19.95,0.91,35.22,305
15,4,2022,1,5,93.72,229.57,36.21,17.63,0.94,39.66,314.5
16,4,2022,0,6,91.05,310.25,53.85,20.14,1.05,32.54,324
17,4,2022,1,7,84.87,317,52.04,19.14,1.14,41.05,290
18,4,2022,0,1,120.59,299.26,59.3,18.98,1.41,35.21,238
19,4,2022,0,2,154.73,415.08,46.34,19.87,1.01,22.87,322.5
20,4,2022,0,3,88.34,345.72,41.35,21.32,1.11,23.43,407
21,4,2022,0,4,131.64,304.48,36.12,12.45,1.03,20.95,284.5
22,4,2022,0,5,111.57,216.1,38.44,11.39,0.9,30.21,162
23,4,2022,0,6,114.6,309.55,44.78,17.53,1.07,28.15,186.5
24,4,2022,1,7,131.57,290.45,43,18.05,0.94,33.55,211
25,4,2022,0,1,145.62,256.82,34.24,15.35,0.9,36.47,274
26,4,2022,0,2,117.4,280.98,39.06,11.35,0.98,30.18,302
27,4,2022,0,3,123.68,339.42,53,16.58,1.24,28.83,258
28,4,2022,0,4,123.64,333.6,53.72,17.27,1.22,27.69,334
29,4,2022,0,5,133.02,359.88,43.77,19.9,1.1,21.98,197
30,4,2022,0,6,98.68,319.15,47.97,21.36,1.11,19.9,221
1,5,2022,1,7,81.87,364.67,42.63,13.6,0.77,37.22,321
2,5,2022,0,1,99.79,315.99,27.52,11.24,0.93,47.7,259
3,5,2022,1,2,146.06,280.38,29.31,9.96,0.74,48.51,246
4,5,2022,0,3,119.88,291.18,33.44,10.23,0.64,44.32,309
5,5,2022,0,4,64.73,171.96,42.28,11.68,0.8,42.17,143
6,5,2022,0,5,130.6,328.47,60.59,14.28,0.78,39.69,180
7,5,2022,0,6,107.5,247.91,57.31,12.66,0.85,41.92,217
8,5,2022,1,7,115.91,243.62,38.69,10.67,0.68,54.73,272
9,5,2022,0,1,82.99,192.76,26.82,10.11,0.74,57.09,192
10,5,2022,0,2,92.04,173.32,25.51,9.34,0.75,52.57,226
11,5,2022,0,3,85.06,194.77,27.35,12.51,1.05,49.26,149
12,5,2022,0,4,118.41,202.58,35.13,10.4,1.02,39.05,237
13,5,2022,0,5,113.7,197.65,33.23,11.72,1.23,36.15,265
14,5,2022,0,6,140.42,316.93,60.71,15.25,1.12,39.47,265
15,5,2022,1,7,129.44,273.18,64.16,18.01,0.97,16.97,305
16,5,2022,1,1,203.56,345.12,39.3,12.94,2.52,20.68,314.5
17,5,2022,0,2,120.48,350.89,34.66,12.58,1.59,36.8,324
18,5,2022,0,3,112.12,292.63,43.58,14.4,1.23,40.22,290
19,5,2022,0,4,92.45,285.89,41.15,13.96,0.97,42.12,238
20,5,2022,0,5,277.87,420.75,29.37,12.33,0.82,52.89,322.5
21,5,2022,0,6,235.46,395.91,32.66,8.98,0.77,30.48,407
22,5,2022,1,7,73.71,251.18,38.17,10.31,0.83,30.58,284.5
23,5,2022,0,1,23.25,149.97,23.28,9.11,0.78,27.11,162
24,5,2022,0,2,62.1,143.55,31.38,10.57,0.78,43.2,186.5
25,5,2022,0,3,112.04,252.86,40.82,8.56,0.97,35.61,211
26,5,2022,0,4,118.41,271.56,36.83,10.16,0.98,26.04,274
27,5,2022,0,5,123.95,313.38,34.91,9.03,0.88,34.49,302
28,5,2022,0,6,137.85,316.15,25.51,9.9,0.67,30.45,258
29,5,2022,1,7,129.88,299.82,17.88,10.81,0.71,43.5,334
30,5,2022,0,1,94.68,153.74,20,9.52,1.14,30.94,197
31,5,2022,0,2,124.96,227.19,22.67,9.4,0.98,23.07,221
1,6,2022,0,3,167.1,308.12,21.41,9.47,0.68,15.05,331
2,6,2022,0,4,85.12,243.21,21.37,8.76,0.75,18.32,239
3,6,2022,0,5,96.68,276.22,24.31,7.36,0.8,17.57,233
4,6,2022,0,6,87.04,245.15,25.34,10.96,1.16,20.53,213
5,6,2022,1,7,105.68,295.44,21.03,10.22,0.65,16.59,234.5
6,6,2022,0,1,87.69,250.52,22.39,8.35,0.68,20.3,256
7,6,2022,0,2,156.97,291.36,21.83,12.68,0.64,16.06,245
8,6,2022,0,3,111.13,222.28,19.09,9.14,0.64,15.75,272
9,6,2022,0,4,145.63,247.6,19.3,10.24,0.79,15.67,261
10,6,2022,0,5,156.37,285.29,17.94,9.47,0.73,14.68,362
11,6,2022,0,6,85.33,224.4,17.99,8.43,0.78,14.65,181
12,6,2022,1,7,97.18,255.52,17.63,9.8,0.77,14.16,232
13,6,2022,0,1,97.74,177.96,16.5,8.69,0.94,12.56,180
14,6,2022,0,2,114.28,202.38,15.15,9.08,0.71,15.54,274
15,6,2022,0,3,87.51,175.71,16.07,10,0.69,14,196
16,6,2022,0,4,79.42,145.82,16.73,10.21,0.67,30.65,169
17,6,2022,0,5,32.55,57.11,15.59,9.88,0.78,23.28,102
18,6,2022,0,6,35.14,61.65,15.24,9.69,0.86,16.06,50
19,6,2022,1,7,36.51,64.05,15.68,10.56,0.85,16.23,71
20,6,2022,0,1,42.63,74.81,16.84,10.25,0.79,15.86,79
21,6,2022,0,2,70.23,123.23,18.11,9.22,0.8,14.1,87
22,6,2022,0,3,67.11,117.74,14.3,8.6,0.95,12.9,155
23,6,2022,0,4,83.71,146.85,7.78,7.57,0.88,13.78,140
24,6,2022,0,5,120.59,211.56,8,7.03,0.78,14.13,252
25,6,2022,0,6,110.41,193.68,8.16,8.14,1.06,17.15,276
26,6,2022,1,7,64.07,112.39,6.93,7.95,0.92,16.24,176
27,6,2022,0,1,53.98,94.71,6.43,7.5,0.9,16.04,92
28,6,2022,0,2,78.82,138.29,6.84,7.79,1.18,15.13,132
29,6,2022,0,3,70.98,124.31,7.04,7.28,1.12,15.34,170
30,6,2022,0,4,29.81,64.81,6.91,8.13,1.13,15.43,90
1,7,2022,0,5,28.09,95.23,6.86,7.76,1.16,42.71,74
2,7,2022,0,6,27.94,53.84,7.37,8.1,1.16,42.31,58
3,7,2022,1,7,27.39,52.81,7.14,6.97,1.2,42.48,53
4,7,2022,0,1,62.07,118.24,7.32,7.63,1.45,34.52,90
5,7,2022,0,2,58.64,111.77,6.86,7.72,1.44,37.46,115
6,7,2022,0,3,51.98,99.22,7.1,8.48,1.25,40.3,96
7,7,2022,0,4,45.8,87.54,9.81,7.57,1.35,10.95,98
8,7,2022,0,5,42.44,81.22,14.38,7.74,1.02,11.93,82
9,7,2022,1,6,47.86,91.44,11.9,7.24,1.2,13,92
10,7,2022,1,7,39.38,75.43,11.15,7.37,1.23,12.28,69
11,7,2022,0,1,42.16,80.68,10.27,7.87,1.27,15.06,84
12,7,2022,0,2,49.23,94.03,11.44,8.27,1.22,14.63,81
13,7,2022,0,3,50.18,94.01,13.31,8.06,1.41,13.4,91
14,7,2022,0,4,69.56,125.23,18.43,9.26,1.32,16.15,126
15,7,2022,0,5,59.2,107.1,17.61,8.45,1.38,14.93,123
16,7,2022,0,6,43.55,78.38,17.05,9.19,1.52,12.81,128
17,7,2022,1,7,41.53,74.73,16.48,8.8,1.45,14.82,63
18,7,2022,0,1,73.23,130.93,17.13,8.05,1.53,13.82,126
19,7,2022,0,2,66.08,118.94,16.28,9.65,1.64,16.04,144
20,7,2022,0,3,54.72,99.3,15.31,8.34,1.57,13.78,116
21,7,2022,0,4,43.1,85.5,16.34,9.05,1.42,14.68,70
22,7,2022,0,5,57.6,103.35,15.07,10.6,1.59,16.39,67
23,7,2022,0,6,34.31,61.07,13.47,9.5,1.33,15.79,64
24,7,2022,1,7,30.64,54.49,11.35,9.3,1.46,11.14,67
25,7,2022,0,1,32.51,57.87,12.14,10.67,1.42,9.29,64
26,7,2022,0,2,31.92,56.81,12.06,9.97,1.52,9.17,78
27,7,2022,0,3,30.16,53.69,11.1,10.7,1.46,14.22,72
28,7,2022,0,4,25.86,46.03,11.68,10.3,1.43,10.9,70
29,7,2022,0,5,21.75,39.83,16.19,10.36,1.32,11.76,65
30,7,2022,0,6,32.18,51.82,19,9.1,1.19,14.08,60
31,7,2022,1,7,39.09,70.33,18.86,10.02,1.31,15.17,56
1,8,2022,0,1,39.26,70.67,18.06,9.6,1.22,9.33,78
2,8,2022,0,2,60.56,107.86,19.05,9.74,1.39,9.17,81
3,8,2022,0,3,77.32,135.77,18.22,9.37,1.18,9.34,169
4,8,2022,0,4,68.3,111.07,16.33,12.61,0.97,9.44,147.6666667
5,8,2022,0,5,44.12,86.09,20.16,11.09,0.86,8.41,126.3333333
6,8,2022,0,6,58.79,126.17,19.92,13.03,1.04,8.03,105
7,8,2022,1,7,70.56,114.16,18.92,13.66,1.04,10.81,178
8,8,2022,0,1,70.41,129,14.17,10.8,1.06,8.15,113
9,8,2022,1,2,63.71,152.21,10.21,12.24,1.03,13.22,170
10,8,2022,0,3,32.95,93.2,17.56,11.83,0.98,15.6,98
11,8,2022,0,4,29.09,77.1,32.53,7.49,0.92,19.74,75
12,8,2022,0,5,33.6,85.3,29.83,8.28,0.89,20.63,84
13,8,2022,0,6,33.1,65.44,31.29,11.32,0.94,20.02,71
14,8,2022,1,7,35.22,59.68,28.38,9.15,0.98,19.5,64
15,8,2022,1,1,29.75,64.26,27.42,12.36,0.93,20.18,59
16,8,2022,0,2,30.91,80.8,25.47,7.85,0.82,21.79,84
17,8,2022,0,3,21.7,31.83,15.63,7.2,0.77,18.66,44
18,8,2022,0,4,28.57,71.75,16.14,8.38,0.75,18.48,59
19,8,2022,1,5,30.41,69.18,21.64,9.44,0.89,17.66,74
20,8,2022,0,6,38.94,93.62,23.85,9.48,0.82,19.81,86
21,8,2022,1,7,66.84,144.9,28.72,14.29,0.94,26.95,126
22,8,2022,0,1,62.73,113.05,28.62,11.51,0.89,25.57,135
23,8,2022,0,2,44.68,79.58,28.84,13.35,0.7,25.31,88
24,8,2022,0,3,31.44,55.25,28.65,11.75,0.73,24.46,59
25,8,2022,0,4,45.4,110.66,22.33,11.49,0.81,22.42,80
26,8,2022,0,5,60.95,159.07,23.06,11.75,0.75,22.66,140
27,8,2022,0,6,47.43,167.65,20.42,10.46,0.84,23.3,139
28,8,2022,1,7,32.29,186.67,28.82,12.2,0.77,26.9,144
29,8,2022,0,1,69.24,196.21,29.59,11.77,0.8,28.98,146.5
30,8,2022,0,2,68.36,162.75,23.87,13.41,0.99,30.71,149
31,8,2022,0,3,72.03,135.79,30.29,14.63,1.01,31.06,175
1,9,2022,0,4,47.09,161.27,30.25,13.32,1.01,37.69,143
2,9,2022,0,5,70.64,140.8,32.84,13.73,0.93,29.46,136
3,9,2022,0,6,57.92,153.99,38.12,13.28,0.95,30.8,132
4,9,2022,1,7,56.29,131.1,30.14,13.93,0.87,30.58,127
5,9,2022,0,1,44.24,122.33,26.45,11.88,0.79,31.12,122
6,9,2022,0,2,65.98,124.17,30.19,11.56,0.8,29.62,135
7,9,2022,0,3,86.97,175.97,26.63,11.72,0.86,31.18,165
8,9,2022,0,4,92.37,178.32,23.8,11.11,1,31.4,180
9,9,2022,0,5,95.03,158.62,31.39,8.88,0.98,27.85,215
10,9,2022,0,6,58.57,113.32,43.37,7.07,1.15,22.77,138
11,9,2022,1,7,52,92.79,39.8,8.71,1.12,24.45,101
12,9,2022,0,1,41.12,65.91,40.1,10.13,0.97,23.57,90
13,9,2022,0,2,44.67,103.1,36.48,13.95,0.91,25.18,90
14,9,2022,0,3,29.28,105.21,41.35,4.73,0.89,26.23,106
15,9,2022,0,4,24.9,58.06,44.06,10.41,0.99,24.44,74
16,9,2022,0,5,27.2,44.19,44.3,9.14,1.09,25.7,56
17,9,2022,0,6,35.77,111.05,40.4,2.81,1.02,26.25,68
18,9,2022,1,7,37.58,136.37,42.52,9.97,1.16,26.21,123
19,9,2022,0,1,59.51,213.34,42.1,5.56,1.18,27.68,197
20,9,2022,0,2,50.23,153.25,48.42,6.45,1.22,27.3,136
21,9,2022,0,3,35.35,119.55,45.38,7.24,1.14,28.17,121
22,9,2022,0,4,26.48,60.77,42.26,8.45,0.94,31.36,87.5
23,9,2022,0,5,22.45,39.11,41.31,8.84,1.02,35.89,54
24,9,2022,0,6,20.83,39.81,68.07,7.15,0.92,39.2,68
25,9,2022,1,7,12.57,49.04,58.69,8.57,0.96,38.22,77
26,9,2022,0,1,42.35,134.38,43.1,9.46,1.27,38.97,106
27,9,2022,0,2,44.6,97.06,29.86,7.21,0.97,36.78,112
28,9,2022,0,3,63.42,162.51,13.94,7.49,0.99,36.49,124
29,9,2022,0,4,84.71,176.79,10.09,7.88,1.01,31.55,171
30,9,2022,0,5,101.82,181.4,15.69,8.78,0.98,29.34,192
1,10,2022,0,6,107.23,220.19,34.92,10.16,1.07,30.49,264
2,10,2022,1,7,106.59,244.17,32.76,7.99,0.95,29.92,252
3,10,2022,0,1,75.14,197.31,25.34,8.37,0.75,27.47,165
4,10,2022,0,2,87.23,166.15,28.65,8.4,0.79,26.92,194
5,10,2022,1,3,113.52,196.25,25.83,8.77,0.76,30.85,259
6,10,2022,0,4,27.98,53.61,23.32,7.96,0.64,28.23,91
7,10,2022,0,5,25.02,64.26,22.71,7.65,0.64,30.63,58
8,10,2022,0,6,23.08,52.13,23.35,7.55,0.56,27.52,66
9,10,2022,1,7,10.82,35.05,22.11,5.77,0.55,29.52,35
10,10,2022,0,1,18.92,51.4,20.55,8.88,0.55,30.34,40
11,10,2022,0,2,46.06,95.3,19.57,8.42,0.6,30.11,63
12,10,2022,0,3,66.21,185.29,22.44,8.63,0.8,28.3,151
13,10,2022,0,4,86.47,193.4,28.85,9.52,0.86,26.61,157
14,10,2022,0,5,114.54,235.64,40.69,8.27,0.91,22.85,253
15,10,2022,0,6,141.4,276.26,52.97,9.98,1.03,21.98,294
16,10,2022,1,7,103.82,291.81,64.27,9.52,1.16,23.52,256
17,10,2022,0,1,95.82,290.28,59.71,9.37,1.03,23.68,258
18,10,2022,0,2,149.84,274.89,51.87,10.61,1.21,22.66,261
19,10,2022,0,3,159.43,277.79,40.1,11.13,1.05,31.66,316
20,10,2022,0,4,176.73,278.43,33.28,8.66,1.21,21.88,348
21,10,2022,0,5,142.97,396.6,28.28,9.52,1.26,36.5,315
22,10,2022,0,6,146.77,364.99,24.85,7.75,0.68,48.96,332
23,10,2022,1,7,160.14,324.65,30.76,8.83,0.79,39.49,315
24,10,2022,1,1,188.34,345.39,33.62,10.98,0.81,39.24,337
25,10,2022,0,2,221.68,349.43,46.44,18.59,0.79,26.74,388
26,10,2022,0,3,135.03,265.86,30.77,12.65,1.01,16.24,245
27,10,2022,0,4,252.46,419.25,32.57,12.07,1.35,17.69,386
28,10,2022,0,5,249,448.86,37.46,13.71,1.42,17.2,389
29,10,2022,0,6,304.88,552.32,34.77,11.63,1.36,16.86,437
30,10,2022,1,7,213.39,440.39,34.73,11.25,1.12,15.34,389
31,10,2022,0,1,295.53,498.42,36.99,16.45,1.73,25.42,421
1,11,2022,0,2,209.68,468.9,41.88,10.79,1.36,23.54,439
2,11,2022,0,3,302.89,511.24,37.84,11.36,1.28,28.2,378
3,11,2022,0,4,368.27,685.84,33.74,11.03,1.48,39.91,464
4,11,2022,0,5,248.35,525.19,33.82,12.92,1.37,47.71,446
5,11,2022,0,6,196.2,372.15,28.6,8.64,1.09,49.94,379
6,11,2022,1,7,193.72,316.3,28.58,12.02,1.11,56.14,346
7,11,2022,0,1,221.31,413.43,31.1,11.83,1.47,46.59,359
8,11,2022,1,2,206.74,496.42,30.91,9.14,1.06,49.51,398
9,11,2022,0,3,96.06,229.56,29.43,11.83,1.17,56.95,289
10,11,2022,0,4,206.49,302.48,28.96,17.67,1.01,46.51,297
11,11,2022,0,5,235.51,529.96,7.26,13.94,1.11,47.32,380
12,11,2022,0,6,229.01,397.78,8,14.02,1.05,51.99,332
13,11,2022,1,7,236.15,349.89,7.16,14.43,1.38,49.86,409
14,11,2022,0,1,170.51,307.18,7.71,13.26,1.23,63.35,338
15,11,2022,0,2,106.55,261.19,7.54,14.91,1.45,38.1,287
16,11,2022,0,3,204.05,329.01,6.72,15.24,0.95,50.55,304
17,11,2022,0,4,178.86,349.83,7,13.14,1.07,44.39,322
18,11,2022,0,5,261.54,422.51,6.74,16.32,1.41,46.25,372
19,11,2022,0,6,140.52,378.33,9.96,14.12,1.53,41.18,322
20,11,2022,1,7,174.6,407.5,13.06,14.05,1.19,45.2,350
21,11,2022,0,1,157.5,357.13,15.29,13.51,1.16,38.85,324
22,11,2022,0,2,164.05,314.74,16.87,14.48,0.8,41.96,352
23,11,2022,0,3,123.68,273.18,18.42,11.47,0.86,40.79,290
24,11,2022,0,4,116.02,299.5,21.99,15.38,1.04,39.96,235
25,11,2022,0,5,155.37,360.11,25.32,12.55,1.12,41.87,286
26,11,2022,0,6,131.97,385.14,28.44,13.37,1.24,43.46,334
27,11,2022,1,7,151.12,378.31,28.07,13.12,1.46,46.19,309
28,11,2022,0,1,243.92,484.24,43.79,16.62,1.94,30.84,371
29,11,2022,0,2,246.58,512.07,42.2,17.74,1.38,48.42,398
30,11,2022,0,3,209.35,436.66,40.8,13.58,1.43,37.93,360
1,12,2022,0,4,221.52,473.47,37.47,14.42,1.1,33.78,416
2,12,2022,0,5,197.71,437.68,45.06,14.45,1.53,33.88,395
3,12,2022,0,6,246.43,524.98,55.07,13.96,1.94,36.02,394
4,12,2022,1,7,261.78,508.22,39.72,13.54,1.22,32.36,444
5,12,2022,0,1,210.37,479.53,42.63,15.1,1.36,31.59,360
6,12,2022,0,2,231.51,439.71,29.4,12.24,0.84,39.59,416
7,12,2022,0,3,197.22,336,28.05,12.52,0.79,35.65,352
8,12,2022,0,4,217.54,416.88,41.2,11.84,1.04,38.56,371
9,12,2022,0,5,237.92,436.43,45.84,12.64,1.29,38.13,390
10,12,2022,0,6,267.05,467.47,48.89,12.05,1.23,30.68,410
11,12,2022,1,7,183.65,350.43,37.11,10.72,0.74,31.95,362
12,12,2022,0,1,158.01,318.3,31.33,10.91,0.72,31.23,316
13,12,2022,0,2,131.43,283.18,27.2,10.55,0.49,37.43,318
14,12,2022,0,3,121.27,231.05,26.29,10.26,0.52,40.19,273
15,12,2022,0,4,128.14,245.02,28.43,10.79,0.58,37.55,270
16,12,2022,0,5,163.19,306,39.1,11.26,0.97,38.91,295
17,12,2022,0,6,201.23,372.64,38.88,12.11,1.06,30.9,368
18,12,2022,1,7,170.24,420.72,31.5,12.4,1.37,33.74,360
19,12,2022,0,1,184.5,470.36,32.11,12.46,1.31,31.79,368
20,12,2022,0,2,110,436.32,21.71,11.1,1.23,28.73,341
21,12,2022,0,3,173.52,460.93,15.25,9.83,0.85,29.36,342
22,12,2022,0,4,214.05,386.13,22.85,9.94,1.03,22.82,339
23,12,2022,0,5,158.81,404.01,22.07,9.47,0.88,25.3,352
24,12,2022,0,6,157.07,297.08,22.67,10.97,0.85,24.3,368
25,12,2022,1,7,186.52,445.01,14.17,11.35,0.77,31.83,384
26,12,2022,0,1,209.97,347.82,13.67,9.36,0.86,17.09,362
27,12,2022,0,2,186.49,277.06,15.15,11.48,1.06,21.62,343
28,12,2022,0,3,215.08,314.26,22.08,9.27,1.07,21.85,382
29,12,2022,0,4,247.09,382.93,24.43,8.22,1.16,18.85,375
30,12,2022,0,5,266.04,382.21,21.85,5.88,1.09,23.32,424
31,12,2022,0,6,159.25,253.95,17.98,5.85,0.82,16.47,352
1,1,2023,1,7,133.15,261.1,26.96,6.65,1.31,17.2,257
2,1,2023,0,1,283.02,421.17,23.37,5.95,0.98,18.59,385
3,1,2023,0,2,239.77,378.74,15.84,5.97,0.78,18.32,391
4,1,2023,0,3,171.06,287.77,16.91,6.48,0.73,19.07,351
5,1,2023,0,4,170.71,268.83,19.05,5.99,0.97,10.76,294
6,1,2023,0,5,230.95,387.36,22.79,7.57,0.82,15.66,390
7,1,2023,0,6,200.1,333.5,22.72,7.07,0.89,17.43,342
8,1,2023,1,7,227.67,341.49,26.74,6.8,1.3,16.62,344
9,1,2023,0,1,410.98,528.97,34.11,6.54,1.53,20.67,452
10,1,2023,0,2,219.47,346.86,21.28,6.5,1.03,20.86,385
11,1,2023,0,3,137.65,248.48,20.04,6.12,0.8,29.9,284
12,1,2023,0,4,183.72,290.44,14.16,6.6,0.86,30.97,354
13,1,2023,0,5,200.71,294.9,8.94,6.45,0.91,28.59,360
14,1,2023,0,6,148.65,264.74,8.65,6.35,0.65,40.79,339
15,1,2023,1,7,110,243.85,18.01,5.97,0.64,40.16,229
16,1,2023,0,1,138.39,295.27,32.79,6.69,0.79,36.77,298
17,1,2023,0,2,166.46,287.53,33.88,5.7,0.97,32.81,335
18,1,2023,0,3,178.71,386.72,36.77,5.76,1.06,34.91,332
19,1,2023,0,4,192.74,345.77,40.22,6.61,0.9,27.86,350
20,1,2023,0,5,86.71,165.95,21.85,7.38,0.75,29.99,222
21,1,2023,0,6,208.49,371.69,34.17,7.63,1.08,17.18,298
22,1,2023,1,7,268.26,403.29,30.66,7.01,1.21,21.39,420
23,1,2023,0,1,167.98,378.16,30.09,6.85,0.96,22.78,350
24,1,2023,0,2,101.82,228.2,17.58,6.65,0.72,15.9,267
25,1,2023,0,3,99.23,199.01,9.51,7.6,0.86,13.21,148
26,1,2023,1,4,140.11,210.32,7.25,11.03,0.84,15.12,314
27,1,2023,0,5,126.69,230.59,18.15,31.9,0.7,31.43,296
28,1,2023,0,6,151.22,256.67,33.88,29,0.87,48.18,297
29,1,2023,1,7,193.44,250.62,40.07,7.33,1.07,15.62,359
30,1,2023,0,1,72.33,145.8,30.57,6.4,0.85,25.37,180
31,1,2023,0,2,93.87,193.24,23.38,6.27,0.76,23.23,175
1,2,2023,0,3,102.9,229.47,24.75,11.37,0.6,36.8,230
2,2,2023,0,4,123.57,284.15,27.97,9.38,0.7,32.68,272
3,2,2023,0,5,136.91,286.52,36.69,10.03,1,36.42,279
4,2,2023,0,6,118.43,151.13,32.77,10.05,0.78,35.52,262
5,2,2023,1,7,113.08,136.48,34.97,10.58,0.78,36.28,245
6,2,2023,0,1,111.28,277.9,43.5,10.75,1.03,34.48,228
7,2,2023,0,2,125.94,390.95,35.05,10.26,0.83,29.59,283
8,2,2023,0,3,94.56,340.17,36.49,10,0.77,24.95,324
9,2,2023,0,4,123.61,254.39,31.66,9.76,0.76,24.19,293
10,2,2023,0,5,101.08,242.71,36.45,10.42,0.83,24.01,224
11,2,2023,0,6,170.63,323.45,34.78,9.93,0.88,22.89,299
12,2,2023,1,7,94.07,157.18,24.94,9.9,0.65,29.2,271
13,2,2023,0,1,88.49,253.21,22.99,10.21,0.67,35.55,193
14,2,2023,0,2,106.68,212.16,27.97,10.63,0.8,28.27,211
15,2,2023,0,3,154.92,253.73,33.34,10.6,0.78,27.8,308
16,2,2023,0,4,232.85,386.52,44.55,11.15,1.12,28.1,354
17,2,2023,0,5,333.84,470.88,59.77,11.05,1.78,35.01,445
18,2,2023,1,6,293.23,399.84,41.93,7.34,1.56,38.89,435
19,2,2023,1,7,223.03,356.42,50.07,8.48,1.67,37.87,389
20,2,2023,0,1,174.82,268.19,37.33,6.52,1.18,37.33,351
21,2,2023,0,2,169.21,264.15,28.39,6.79,1.1,43.25,295
22,2,2023,0,3,190.73,275.43,31.5,6.79,1.25,26.81,349
23,2,2023,0,4,135.21,256.65,31.65,5.98,1.12,34.11,331
24,2,2023,0,5,132.83,289.29,38.44,6.95,1.16,30.99,284
25,2,2023,0,6,151.93,278.71,34.84,7.62,1.13,35.68,305
26,2,2023,1,7,210.35,344.83,43.61,8.32,1.47,36.55,367
27,2,2023,0,1,162.59,285.54,29.23,6.8,1.13,36.09,335
28,2,2023,0,2,123.77,265.65,25.71,7.94,1,29.43,308
1,3,2023,0,3,94.34,256.76,30.14,7.06,0.97,35.33,212
2,3,2023,0,4,132.77,186.3,29.19,7.25,0.88,34.68,299
3,3,2023,0,5,92.54,169.96,23.14,7.58,0.83,30.39,243.5
4,3,2023,0,6,93.81,222.18,22.56,6.72,0.82,31.79,188
5,3,2023,1,7,89.99,193.28,22.4,7.58,0.83,34.12,214
6,3,2023,0,1,118.97,214.87,22.35,7.68,0.85,39.37,252
7,3,2023,0,2,130.9,261.52,31.85,8.1,1.01,40.34,282
8,3,2023,1,3,157.51,254.17,24.7,8.36,1,44.94,290
9,3,2023,0,4,77.09,163.06,20.29,7.29,0.78,49.37,165
10,3,2023,0,5,147.67,243.36,28.01,7.84,1.01,34.8,318
11,3,2023,0,6,141.24,229.46,19.31,8.3,1.15,43.93,314
12,3,2023,1,7,133.01,261.96,20.52,8.35,1.08,46.68,289
13,3,2023,0,1,157.87,293.45,10.8,9.23,1.1,42.82,311
14,3,2023,0,2,144.5,233.12,5.45,7.56,1.03,41.91,300
15,3,2023,0,3,111.03,240.08,5.78,9.16,1.08,45.03,273
16,3,2023,0,4,86.23,232.44,6.23,8.44,0.96,53.46,243
17,3,2023,0,5,75.72,204.1,6.24,8.27,0.89,42.15,151
18,3,2023,0,6,49.35,126.48,6.78,7.27,0.92,28.29,153
19,3,2023,1,7,101.04,144.27,6.17,6.72,1.03,23.97,180
20,3,2023,0,1,63.49,131.16,6.35,6.21,0.95,23.47,182
21,3,2023,0,2,34.01,56.66,7.02,5.95,0.89,30.33,58
22,3,2023,0,3,79.97,166.5,7.16,6.2,0.97,34.05,144
23,3,2023,0,4,78.64,185.29,33.57,5.45,0.94,26.38,143
24,3,2023,0,5,93.92,199.34,69.72,6.34,0.93,21.4,228
25,3,2023,0,6,58.98,129.72,46.79,5.92,1,31.32,79
26,3,2023,1,7,87.25,210.32,29.66,4.84,0.8,38.04,191
27,3,2023,0,1,62.55,189.08,23.86,6.24,0.79,41.39,187
28,3,2023,0,2,87.13,229.8,30.65,6.31,0.86,35.3,174
29,3,2023,1,3,119.44,211.46,39.16,5.98,0.93,38.79,306
30,3,2023,0,4,90.16,179.47,29.66,5.62,0.9,40.96,164
31,3,2023,0,5,47.99,59.43,28.83,5.86,0.8,23.81,62
1,4,2023,0,6,58.3,94.12,38.36,7.18,0.86,33.24,105
2,4,2023,1,7,95.54,238.93,46.55,8.15,1.05,28.38,189
3,4,2023,0,1,109.66,281.56,42.78,8.18,1.07,37.94,289
4,4,2023,1,2,75.78,177.06,38.87,7.19,0.87,32.36,142
5,4,2023,0,3,112.93,262.78,40.59,12.59,0.88,36.47,222
6,4,2023,0,4,102.08,235.89,41.72,11.69,0.83,41.78,205
7,4,2023,1,5,121.59,239.01,37.49,12.02,0.8,48.28,259
8,4,2023,0,6,168.04,334.09,51.8,17.56,0.96,42.33,303
9,4,2023,1,7,156.61,336.33,57.62,16.28,1.03,41.47,306
10,4,2023,0,1,196.78,332.25,56.01,15.56,0.93,48.46,275
11,4,2023,0,2,170.58,352.55,49.21,10.86,1.08,40.89,338
12,4,2023,0,3,153.98,333.12,47.34,12.23,0.86,31.28,330
13,4,2023,0,4,99.72,387.71,42.18,12.6,0.85,34.6,247
14,4,2023,1,5,82.45,327.78,42.24,11.3,0.75,37.81,336
15,4,2023,0,6,155.97,310.13,53.15,12.07,1.03,30.3,299
16,4,2023,1,7,58.28,227.23,48.89,8.86,0.84,31.37,211
17,4,2023,0,1,157.17,253.78,39.58,7.79,0.86,40.64,279
18,4,2023,0,2,153.08,312.12,37.86,7.44,0.75,28.51,303
19,4,2023,0,3,84.85,249.38,26.7,7.12,0.47,53.97,226
20,4,2023,0,4,69,173.87,28.28,8.28,0.53,38.24,175
21,4,2023,0,5,44.55,139,28.19,5.99,0.71,51.56,131
22,4,2023,1,6,33.08,127.96,25.26,7.21,0.82,80.66,120
23,4,2023,1,7,50.72,114,27.4,6.21,0.83,64.42,109
24,4,2023,0,1,102.04,144.56,36.14,10.1,0.91,66.99,194
25,4,2023,0,2,87.55,127.95,36.01,7.02,1.07,74.84,165
26,4,2023,0,3,126.17,192.26,50.98,7.33,1.06,71.12,267
27,4,2023,0,4,115.9,200.98,40.36,8.44,1.2,72.97,273
28,4,2023,0,5,104.66,182.33,47.06,6.88,1.11,55.99,183
29,4,2023,0,6,121.97,224.82,41.15,6.97,0.94,37.85,280
30,4,2023,1,7,102.81,130.23,34.13,6.48,0.75,49.7,222
1,5,2023,0,1,75.26,94.98,29.61,5.77,0.82,24.8,176
2,5,2023,0,2,58.93,103.54,25.68,4.72,0.77,34.27,123
3,5,2023,0,3,51.85,93.68,30.43,5.61,0.92,28.39,116
4,5,2023,0,4,57.71,126.03,34.5,5.31,1.07,38.19,76
5,5,2023,1,5,114.09,242.2,43.83,6.72,1.27,43.84,233
6,5,2023,0,6,188.17,266.2,38.25,7.96,1,38.58,324
7,5,2023,1,7,78.6,151.09,31.99,7.51,0.81,53.37,164
8,5,2023,0,1,70.09,131.04,37.47,5.21,0.94,45.02,170
9,5,2023,0,2,162.79,293.2,38.37,9.96,0.98,65.32,254
10,5,2023,0,3,158.47,242.16,45.81,11.47,1.13,64.54,294
11,5,2023,0,4,193.16,325.14,51.34,12.67,1.26,61.6,335
12,5,2023,0,5,139.57,235.64,52.76,8.97,1.19,64.87,290
13,5,2023,0,6,124.82,205.25,43.79,8.5,1.3,86.87,285
14,5,2023,1,7,223.45,315.17,44.54,8.06,1.06,67.19,320
15,5,2023,0,1,112.77,180.82,26.05,7.88,1.1,62.19,257
16,5,2023,0,2,251.68,354.37,27.61,6.46,1.05,56.92,364
17,5,2023,0,3,188.99,319.24,32.44,11.76,1.1,45.74,374
18,5,2023,0,4,82.81,226.53,24.71,5.36,1.11,73.05,237
19,5,2023,0,5,110.92,241.86,30.99,9.72,1.17,69.61,222
20,5,2023,0,6,106.55,263.17,35.38,10.09,1.2,60.79,249
21,5,2023,1,7,110.76,256.52,45.72,8.26,1.09,56.16,254
22,5,2023,0,1,152.22,327.33,33.52,7.04,1.03,38.85,305
23,5,2023,0,2,155.06,223.51,24.84,9.48,0.97,43.07,290
24,5,2023,0,3,70.45,122.82,22.16,5.97,1.14,49.41,243
25,5,2023,0,4,39.73,115.77,22.72,6.21,1.07,61.24,114
26,5,2023,1,5,49.96,112.08,30.73,5.94,1.04,52.13,94
27,5,2023,0,6,28.73,98.66,29,5.28,1.09,33.09,101
28,5,2023,1,7,63.58,196.25,31.21,5.36,0.94,47.35,144
29,5,2023,0,1,49.18,167,26.38,6.24,0.93,35.7,157
30,5,2023,0,2,81.04,165.14,23.28,6.26,1.02,52.61,147
31,5,2023,0,3,58.1,118.03,22.4,5.81,0.89,34.72,131
1,6,2023,0,4,100.21,146.88,26.16,5.36,0.8,41.11,185
2,6,2023,0,5,108.13,166.01,25.8,6.16,0.65,53.32,275
3,6,2023,0,6,106.75,122.54,33.01,7.39,0.74,37.61,136
4,6,2023,1,7,143.04,220.08,29.69,7.26,0.83,38.7,266
5,6,2023,0,1,150.01,231.86,30.27,5.35,0.93,48.29,334
6,6,2023,0,2,131.63,155.69,26.49,5.14,0.67,70.32,263
7,6,2023,0,3,179.67,257.31,29.32,6.15,0.76,62.25,328
8,6,2023,0,4,134.54,222.59,28.87,9.16,0.88,72.05,316
9,6,2023,0,5,112.14,220.41,25.07,5.71,0.6,50.61,277
10,6,2023,0,6,99.64,214.57,25.22,5.5,0.61,42.55,226
11,6,2023,1,7,90.51,215.81,23.55,4.73,0.69,49.41,194
12,6,2023,0,1,108.23,320.86,25.31,4.56,0.85,47.28,249
13,6,2023,0,2,156.02,383.77,24.08,4.66,0.73,31.72,328
14,6,2023,0,3,131.95,296.35,21.97,4.73,0.72,38.26,323
15,6,2023,0,4,76.86,208.82,21.58,4.58,0.66,47.99,193
16,6,2023,0,5,62.46,164.85,26.04,5.58,0.88,32.25,171
17,6,2023,0,6,54.13,118.64,22.32,7.01,0.72,36.46,116
18,6,2023,1,7,27.64,94.92,22.56,6.77,0.76,30.34,94
19,6,2023,0,1,25.43,82.61,20.65,7.28,0.76,26.46,85
20,6,2023,0,2,61.16,131.37,21.38,7.51,0.81,40.33,116
21,6,2023,0,3,59.14,128.64,19.03,6.15,0.79,18.04,108
22,6,2023,0,4,65.74,128.45,19.29,6.81,0.94,15.13,148
23,6,2023,0,5,74.92,144.14,20.71,6.62,0.95,15.63,210
24,6,2023,0,6,101.5,153.78,22.4,7.17,0.86,15.5,272
25,6,2023,1,7,27.66,41.88,19.65,7.06,0.78,16.86,88
26,6,2023,0,1,39.44,65.22,20.16,6.43,0.86,14.84,91.5
27,6,2023,0,2,53.11,108.28,22.39,7.17,0.93,21.36,95
28,6,2023,0,3,35.83,96.85,16.74,7.01,1.08,18.52,91.5
29,6,2023,1,4,45.11,91.86,15.4,9.21,1.07,24.55,88
30,6,2023,0,5,31.2,72.76,16.03,9.53,1.09,30.08,78
1,7,2023,0,6,37.08,78.7,14.52,8.61,0.99,34.57,66
2,7,2023,1,7,19.08,130.31,17.52,9.97,1.18,30.93,103
3,7,2023,0,1,55.08,159.22,13.61,8.9,1.09,34.58,138
4,7,2023,0,2,80.38,138.25,14.59,9.09,1.11,20.97,212
5,7,2023,0,3,52.52,76.71,13.17,8.88,1.16,12.22,94
6,7,2023,0,4,41.16,71.3,13.53,9.05,1.09,12.31,91
7,7,2023,0,5,48.98,79.44,15.85,8.84,1.13,14.43,66
8,7,2023,0,6,38.29,64.94,16.57,7.18,1,15.37,74
9,7,2023,1,7,29.48,47.8,15.72,7.05,1.04,10.68,59
10,7,2023,0,1,32.48,58.25,15.85,6.95,1.04,10.9,50
11,7,2023,0,2,34.61,87.13,13.67,7.11,0.99,12.67,72
12,7,2023,0,3,48.38,103.18,15.24,7.19,0.99,11.97,106
13,7,2023,0,4,56.66,112.79,19.13,7.01,1.01,12.36,102
14,7,2023,0,5,52.68,96.09,16.29,7.27,1.1,11.27,91
15,7,2023,0,6,45.82,115.94,12.54,7.29,1.02,11.1,111
16,7,2023,1,7,38.61,76.04,11.52,6.78,1.04,10.9,81
17,7,2023,0,1,47.56,125.64,9.5,7.2,1.11,11.33,96
18,7,2023,0,2,55.37,114.3,9.42,6.89,1.01,11.86,127
19,7,2023,0,3,42.92,85.97,11.52,6.49,0.97,17.99,90
20,7,2023,0,4,61.18,99.88,6.62,5.61,1.06,17.48,86
21,7,2023,0,5,73.63,116.21,7.05,5.29,1.12,15.03,144
22,7,2023,0,6,52.18,80.42,6.48,4.82,1.06,17.62,113
23,7,2023,1,7,47.94,61.28,7.39,5.56,1.02,14.47,82
24,7,2023,0,1,57.17,70.69,6.74,5.43,1.02,15.74,102
25,7,2023,0,2,76.64,95.88,7.79,4.7,1.02,17.21,111
26,7,2023,0,3,42.19,59.92,6.88,5.12,1.12,14.71,147
27,7,2023,0,4,56.95,82.49,5.5,4.98,1.02,24.39,97
28,7,2023,0,5,57.96,76.5,5.45,5.23,1.05,17.4,96
29,7,2023,1,6,27.47,51.71,25.42,6.11,0.87,13.53,95
30,7,2023,1,7,37.95,81.06,19.64,6.78,0.81,18.99,67
31,7,2023,0,1,64.25,133.56,9.71,6.54,0.84,21.88,115
1,8,2023,0,2,47.21,109.96,11.54,6.61,0.87,19.77,105
2,8,2023,0,3,47.46,120.12,13.85,6.69,0.87,19.78,102.5
3,8,2023,0,4,41.71,114.33,12.66,6.55,0.94,22.77,100
4,8,2023,0,5,48.66,124.11,12.94,6.8,0.87,23.52,112
5,8,2023,0,6,53.64,118.06,12.95,7.13,0.85,21.88,120
6,8,2023,1,7,40.51,162.71,13.8,6.77,0.7,20.72,132
7,8,2023,0,1,36.45,159.78,15.27,6.45,0.6,22.01,135
8,8,2023,0,2,34.62,174.22,16.22,6.31,0.82,21.92,150
9,8,2023,0,3,42.59,187.26,18.61,6.17,0.77,21.45,139
10,8,2023,0,4,44.22,194.1,26.68,5.65,0.79,22.28,178
11,8,2023,0,5,44.09,176.26,25.99,5.7,0.79,23.07,149
12,8,2023,0,6,38.71,184.38,22.95,5.29,0.7,27.58,157
13,8,2023,1,7,38.65,137.91,21.86,5.41,0.68,25.62,129
14,8,2023,0,1,52.83,147.41,32.3,5.35,0.73,29.89,143
15,8,2023,1,2,59.6,120.18,21.01,5.69,0.85,27.26,118
16,8,2023,0,3,66.65,163.27,20.55,5.92,0.86,26.38,122
17,8,2023,0,4,51.42,184.36,20.82,5.43,0.72,23.95,155
18,8,2023,0,5,52.14,220.33,19.89,5.46,0.78,30.73,176
19,8,2023,0,6,58.65,130.65,14.74,5.73,0.84,39.2,145
20,8,2023,1,7,45.7,87.66,10.61,5.56,0.78,32.49,126
21,8,2023,0,1,62.71,129.59,9.13,6.17,0.81,20.07,107
22,8,2023,0,2,55.24,136.81,9.39,6.66,0.89,17.39,122
23,8,2023,0,3,30.13,89.76,14.69,6.71,0.85,18.7,92
24,8,2023,0,4,44.58,161.77,19.47,5.74,0.67,18.72,126
25,8,2023,0,5,48.48,185.52,18.91,5.94,0.7,26.63,153
26,8,2023,0,6,52.61,254.15,18.11,6.05,0.75,21.21,190
27,8,2023,1,7,76.14,288.13,18.17,5.95,0.68,20.79,241
28,8,2023,0,1,56.05,241.04,17.66,5.35,0.76,18.01,201
29,8,2023,0,2,57.26,236.51,13.17,5.19,0.79,16.26,199
30,8,2023,0,3,59.42,197.87,4.76,5.64,1.07,19.75,186
31,8,2023,0,4,58.19,145.24,10.55,5.88,0.83,16.96,135
1,9,2023,0,5,54.87,154.45,18.05,5.5,0.77,16.85,136
2,9,2023,0,6,54.17,154.54,31.74,5.57,0.77,14.13,137
3,9,2023,1,7,48.3,145.89,18.49,6.72,0.83,17.39,130
4,9,2023,0,1,61.48,136.84,22.65,19.19,0.84,17.92,131
5,9,2023,0,2,64.97,101.79,18.32,13.22,1.53,22.53,111
6,9,2023,0,3,36.41,68.05,20.14,12.5,1.38,15.35,96
7,9,2023,1,4,43.83,65.71,14.8,13.48,1.66,16.28,75
8,9,2023,0,5,44.55,79.25,23.79,13.01,1.29,15.6,87
9,9,2023,0,6,27.22,84.63,11.75,12.79,1.42,18.98,97
10,9,2023,1,7,17.21,52.94,11.2,13.02,1.53,16.19,73
11,9,2023,0,1,39.77,87.52,12.56,13.28,1.46,20.8,75
12,9,2023,0,2,49.39,109.01,18.95,13.6,1.51,22.63,97
13,9,2023,0,3,71.44,117.93,21.6,13.53,1.58,23.07,126
14,9,2023,0,4,86.27,128.07,17.82,13.46,1.68,22.31,178
15,9,2023,0,5,60.97,114.68,15.12,12.95,1.67,21.51,174
16,9,2023,0,6,46.26,92.04,13.29,13.29,1.55,16.02,108
17,9,2023,1,7,39.37,72.43,11.44,13.45,1.53,18.61,82
18,9,2023,0,1,20.77,60.88,8.87,12.89,1.51,18.6,72
19,9,2023,0,2,32.71,67.06,14.95,12.7,1.58,17.84,80
20,9,2023,0,3,43.32,87.41,23.2,11.27,1.42,20.45,78
21,9,2023,0,4,48.17,77.15,12.47,9.61,1.36,21.05,81
22,9,2023,0,5,73.65,132.16,13.6,9.76,1.52,25.48,110
23,9,2023,0,6,72.9,131.95,33.69,10.06,1.45,18.19,167
24,9,2023,1,7,72.97,147.15,24.09,9.86,1.23,17.54,142
25,9,2023,0,1,90.05,162.52,22.9,10,1.21,33.97,149
26,9,2023,0,2,101.57,177.32,13.12,9.71,1.32,26.08,156
27,9,2023,0,3,74.41,142.46,15.57,9.76,1.22,24.63,163
28,9,2023,1,4,82.45,200.89,31.39,14.91,1.12,26.45,170
29,9,2023,0,5,93.44,238.99,24,47.05,1.07,28.63,177
30,9,2023,0,6,91.75,229.44,18.19,11.64,0.79,31.05,184
1,10,2023,1,7,90.17,215.46,18.75,14.5,0.82,37.87,191
2,10,2023,1,1,82.57,187.48,20.95,10.65,0.75,40.42,194
3,10,2023,0,2,91.07,246.65,25.98,11.96,0.75,38.63,188
4,10,2023,0,3,102.36,251.46,25.21,15.33,0.83,34.67,219
5,10,2023,0,4,112.73,285.91,24.42,9.34,0.54,41.65,237
6,10,2023,0,5,120.81,250.33,27.8,11.09,0.66,38.12,272
7,10,2023,0,6,87.5,177.83,21.29,12.57,0.72,20.77,223
8,10,2023,1,7,76.73,168.13,18.88,12.22,0.82,18.47,152
9,10,2023,0,1,89.46,198.5,19.18,10.78,0.79,20.43,187
10,10,2023,0,2,81.11,214.16,21.36,10,0.64,24.26,182
11,10,2023,0,3,136.47,226.14,17.62,10.51,0.67,37.06,283
12,10,2023,0,4,141.28,261.54,24.56,9.51,0.63,39.89,307.5
13,10,2023,0,5,183.13,346.15,30.58,11.1,0.74,34.63,332
14,10,2023,0,6,157.51,350.79,33.7,9.4,0.9,39.04,305
15,10,2023,1,7,131.76,325.94,26.82,11.36,0.74,33.25,317
16,10,2023,0,1,112.44,254.66,20.79,11.23,0.64,45.73,229.5
17,10,2023,0,2,38.33,108.06,26.42,10.04,0.74,21.97,142
18,10,2023,0,3,64.96,152.38,21.9,9.89,0.61,22.77,135
19,10,2023,0,4,74.56,160.16,22.35,12.07,0.59,40.32,144
20,10,2023,0,5,94.36,216.73,23.94,8.78,0.63,38.48,211
21,10,2023,0,6,105.61,248.34,32.35,10.59,0.74,35.62,233
22,10,2023,1,7,112.15,266.27,27.28,13.19,0.65,37.07,275
23,10,2023,0,1,113.9,243.97,27.45,9.86,0.73,31.12,249
24,10,2023,1,2,95.83,185.99,26.14,9.49,0.7,30.51,199
25,10,2023,0,3,107.82,208.62,26.93,12.67,1.05,31.77,244
26,10,2023,0,4,125.52,219.03,32.71,10.09,0.88,36.57,291
27,10,2023,0,5,129.41,235.77,36.87,10.16,0.9,38.39,269
28,10,2023,0,6,146.9,301.44,38.88,11.55,1,39.5,314
29,10,2023,1,7,129.29,296.75,49.29,11.58,0.86,54,302
30,10,2023,0,1,165.71,331.35,46.9,10.08,0.96,53.33,302
31,10,2023,0,2,197.85,392.85,44.67,11.62,0.97,88.86,351
1,11,2023,0,3,181.71,340.32,42.2,13.62,0.9,50.94,362
2,11,2023,0,4,192.08,583.4,43.96,11.6,0.99,29.79,392
3,11,2023,0,5,218.63,546.52,35.25,10.68,0.62,27.78,473
4,11,2023,0,6,254.92,535.68,38.3,27.28,1.02,15.34,387
5,11,2023,1,7,271.25,512.49,33.27,22.88,0.91,23.01,439
6,11,2023,0,1,209.77,446.85,37.65,21.06,1.17,29.66,430
7,11,2023,0,2,232.69,434.49,42.51,22.55,2.21,33.23,421
8,11,2023,1,3,277.49,514.54,53.23,13.58,1.62,27.12,412
9,11,2023,0,4,284.21,467.55,43.3,10.22,2.03,21.5,421
10,11,2023,0,5,102.52,186.06,28.79,9.15,2.58,19.16,266
11,11,2023,0,6,87.7,181.09,28.3,9.33,2.6,22.27,198
12,11,2023,1,7,131.15,212.1,30.44,7.91,2.33,28.3,210
13,11,2023,0,1,332.41,489.68,42.11,20.65,2.91,28.18,381
14,11,2023,0,2,244.77,378.57,36.13,13.81,2.81,24.11,390
15,11,2023,1,3,254.88,391.22,38.98,11.52,2.29,25.93,399
16,11,2023,0,4,331.68,472.2,46.15,14.96,1.59,21.88,419
17,11,2023,0,5,255.35,441.28,43.99,15.03,1.47,33.65,435
18,11,2023,0,6,155.86,234.77,40.13,15.48,1.57,26.56,340
19,11,2023,1,7,150.1,238.31,39.9,13.19,1.62,30.8,346.5
20,11,2023,0,1,212.71,359.06,48.29,14.69,1.58,36.85,353
21,11,2023,0,2,232.77,366.56,39.15,12.68,1.59,33.37,372
22,11,2023,0,3,260.63,415.54,44.73,13.01,1.58,38.82,410
23,11,2023,0,4,235.22,381.03,52.81,13.68,1.57,39.51,391
24,11,2023,0,5,265.84,488.54,73.32,14.15,2.19,30.87,395
25,11,2023,0,6,246.76,380.48,58.36,9.78,1.56,15.22,418
26,11,2023,1,7,251.3,415.19,71.22,11.18,1.6,19.44,385
27,11,2023,1,1,225.89,397,61.63,9.76,1.59,20.94,393
28,11,2023,0,2,123.86,162.83,47.96,9.48,1.61,12.86,305
29,11,2023,0,3,188.68,311.94,53.4,10.83,1.59,15.9,270
30,11,2023,0,4,267.91,422.47,57.54,11.94,1.58,14.99,405
1,12,2023,0,5,219.03,342.26,45.83,9.68,1.58,16.23,377
2,12,2023,0,6,158.35,294.73,46.47,10.49,1.6,12.85,354
3,12,2023,1,7,141.73,259.04,53.04,9.71,1.58,15.83,309
4,12,2023,0,1,142.58,252.9,48.09,9.18,1.58,13.78,317
5,12,2023,0,2,156.96,276.73,54.04,9.83,1.58,15.01,327
6,12,2023,0,3,135.29,255.1,53.03,9.25,1.62,19.01,300
7,12,2023,0,4,169.35,243.53,52.76,10.32,1.58,24.89,297
8,12,2023,0,5,170.78,314.06,53.57,10.67,1.58,33.79,314
9,12,2023,0,6,170.95,294.23,51.98,10.51,1.58,32.18,355
10,12,2023,1,7,175.53,303.78,50.87,9.94,1.59,35.74,333
11,12,2023,0,1,166.36,330.75,50.47,10.67,1.59,23.49,334
12,12,2023,0,2,186.09,327.36,57.93,10.78,1.59,28.35,344
13,12,2023,0,3,210.21,347.65,53.73,11.67,1.58,38.77,365
14,12,2023,0,4,180.67,352.38,49.2,11.22,1.57,23.71,338
15,12,2023,0,5,195.94,390.04,53.9,11.06,1.58,28.5,350
16,12,2023,0,6,220.77,441.61,42.85,11.52,1.68,20.57,367
17,12,2023,1,7,211.84,380.55,42.47,11.46,1.57,17.98,355
18,12,2023,0,1,170.75,298.12,36.27,10.65,1.59,13.65,350
19,12,2023,0,2,148.46,260.69,37.35,9.94,1.59,20.29,318
20,12,2023,0,3,150.57,258.57,40.84,10.67,1.58,16.24,310
21,12,2023,0,4,217.53,378.34,41.02,11.68,1.57,14.92,353
22,12,2023,0,5,251.58,440.02,43.14,13.23,1.58,15.05,388
23,12,2023,0,6,318.88,506.1,46.06,11.99,1.61,17.88,457
24,12,2023,1,7,376.93,585.32,44.57,14.47,1.59,14.79,437
25,12,2023,1,1,208.59,317.91,37.06,11.18,1.58,10.72,363
26,12,2023,0,2,213.26,342.35,37.85,11.64,1.59,12.65,385
27,12,2023,0,3,224.5,348.33,32.3,12.3,1.64,14.21,371
28,12,2023,0,4,143.95,244.55,33.73,12.33,1.6,18.83,302
29,12,2023,0,5,208.88,237.52,42.44,9.3,1.57,21.83,363
30,12,2023,0,6,235.35,354.59,44.32,7.94,1.58,34.26,382
31,12,2023,1,7,215.69,322.33,42.58,8.83,1.6,28.89,373
1,1,2024,0,1,182.82,260.78,33.1,6.79,1.59,25.41,358
2,1,2024,0,2,197.14,298.04,32.11,11.08,1.59,32.89,355
3,1,2024,0,3,193.88,269.78,34.24,8.47,1.69,27.18,352
4,1,2024,0,4,205.37,285.42,32.38,12.82,1.06,20.17,366
5,1,2024,0,5,141.38,217.39,30.61,10.43,1.75,20.17,321
6,1,2024,0,6,135.98,184.89,32.35,8.33,1.93,26.59,277
7,1,2024,1,7,147.89,262.85,35.53,7.78,0.94,36.97,322
8,1,2024,0,1,219.41,366.16,41.4,9.74,0.68,23.12,345
9,1,2024,0,2,126.43,190.44,34.19,8.08,0.93,25.46,347
10,1,2024,0,3,158.68,221.6,34.07,7.99,0.8,22.95,285
11,1,2024,0,4,196.66,240.18,37.28,7.79,0.85,30.86,355
12,1,2024,0,5,187.46,224.37,38.86,8.36,0.8,28.46,339
13,1,2024,0,6,345.35,381.27,46.45,9.84,0.72,30.61,434
14,1,2024,1,7,309.2,403.73,44.75,9.85,0.96,29.24,398.5
15,1,2024,0,1,201.16,332.33,37.26,9.39,1.23,28.59,363
16,1,2024,0,2,281.04,353.71,41.39,8.7,1.36,31.34,435
17,1,2024,0,3,228.95,322.42,43.82,9.16,1.31,29.1,384
18,1,2024,0,4,162.6,281.44,40.18,11.5,1.13,24.93,326
19,1,2024,0,5,164.84,282.3,37.58,11.67,1.46,21.81,332
20,1,2024,0,6,191.56,352.73,35.32,10.7,1.45,31.1,338
21,1,2024,1,7,138.44,276.36,31.05,10.56,1.29,23.4,325
22,1,2024,0,1,188.28,343.15,33.75,10.64,1.31,33,322
23,1,2024,0,2,218.17,382.22,34.83,10.95,1.24,37.16,365
24,1,2024,0,3,203.87,439.98,33.07,11.18,1.45,25.43,406
25,1,2024,0,4,138.52,325.8,25.65,11.91,1.83,23.53,285
26,1,2024,1,5,244.48,439.56,34.55,12.73,1.81,38.33,382
27,1,2024,0,6,185.03,379.73,31.38,11.72,1.8,33.53,352
28,1,2024,1,7,193.55,366.1,32.74,11.11,1.57,26.37,344
29,1,2024,0,1,162.43,310.73,26.89,10.29,1.39,27.56,334
30,1,2024,0,2,149.63,328.29,27.7,12.09,1.55,19.66,284
31,1,2024,0,3,165.8,317.65,34.57,12.53,1.36,20.64,333
1,2,2024,0,4,66.93,95.8,20.05,10.17,1.24,23.93,178
2,2,2024,0,5,95.75,163.04,22.23,10.17,1.07,20.78,194
3,2,2024,0,6,82,251.68,24.6,11.14,1.16,21.23,165
4,2,2024,1,7,106.28,225.95,24.47,11.4,1.16,24.33,286
5,2,2024,0,1,61.16,128.89,17.8,10.71,1.16,27.46,113
6,2,2024,0,2,58.17,189.77,22.55,10.01,1.16,36.42,130
7,2,2024,0,3,85.49,247.7,24.94,10.18,0.88,39.87,236
8,2,2024,0,4,69.27,169.71,20.93,10.47,0.94,42.28,152
9,2,2024,0,5,76.22,236.68,28.34,10.43,0.91,42.21,140
10,2,2024,0,6,179.07,406.37,35.8,10.56,0.91,46.29,338
11,2,2024,1,7,132.05,270.03,30.87,10.37,0.91,37.17,314
12,2,2024,0,1,137.81,307.98,31.14,10.6,0.91,34.37,283
13,2,2024,0,2,176.73,388.84,31.3,11.24,0.85,25.63,340
14,2,2024,0,3,138.79,311.22,36.87,9.43,1.07,34.76,339
15,2,2024,0,4,117.14,286.55,44.35,8.68,1.15,38.84,270
16,2,2024,0,5,109.87,284.73,40.7,9.35,1.16,45.84,258
17,2,2024,0,6,95.76,269.64,38.93,9.11,1.24,44.92,236
18,2,2024,1,7,80.56,251.64,38.64,9.18,1.24,38.76,231
19,2,2024,0,1,37.98,246.91,34.71,9.01,1.24,66.02,212
20,2,2024,0,2,68.43,227,31.72,9.09,1.12,33.38,165
21,2,2024,0,3,94.86,229.8,30.97,8.16,1.07,34.05,234
22,2,2024,0,4,55.32,175.63,37.44,9.25,1.07,39.86,158
23,2,2024,0,5,70.41,158.82,47.07,10.85,1.07,37.77,142
24,2,2024,0,6,122.98,229.74,60.69,11.62,0.97,41.82,257
25,2,2024,1,7,111.76,179.04,59.36,11.51,0.97,51.14,255
26,2,2024,0,1,111.02,218.09,60.46,12.75,0.91,42.32,262
27,2,2024,0,2,86.12,144.43,55.86,12.67,0.78,44.67,212
28,2,2024,0,3,104.13,179.52,58.7,12.17,0.78,43.66,233
29,2,2024,0,4,84.65,210.19,60.02,12.12,0.78,40.25,196
1,3,2024,0,5,87.36,231.34,60.63,12.43,0.8,44.1,220
2,3,2024,0,6,50.59,96.82,51.06,12.61,0.9,35.59,112
3,3,2024,1,7,70.64,202.95,53.53,11.35,0.9,48.77,145
4,3,2024,0,1,101.58,174.79,56.82,11.92,0.89,48.51,186
5,3,2024,0,2,81.27,151.87,48.86,16.89,0.93,52.29,202
6,3,2024,0,3,100.65,143.91,36.77,21.85,0.91,49.98,198
7,3,2024,0,4,127.44,203.65,42.68,15.76,0.9,50.96,270
8,3,2024,1,5,112.47,245.04,40.92,15.74,0.9,45.77,259
9,3,2024,0,6,111.59,190.08,40.61,15.92,0.91,42.93,261
10,3,2024,1,7,132.25,220.07,41.71,16.44,0.88,50.52,270
11,3,2024,0,1,148.21,222.9,38.93,17.79,0.87,57.66,275
12,3,2024,0,2,124.73,211.6,39.44,16.77,0.86,54.62,253.3333333
13,3,2024,0,3,112.56,185.53,40.89,17.4,0.86,38.49,231.6666667
14,3,2024,0,4,83.62,240.92,39.2,21.69,0.86,42.36,210
15,3,2024,0,5,43.08,162.36,31.25,17.19,0.89,42.26,138
16,3,2024,0,6,109.15,217.61,27.46,12.35,0.87,21.84,195
17,3,2024,1,7,118.44,211.99,28.3,10.96,0.86,18.56,261
18,3,2024,0,1,119.11,236.21,27.5,12.3,0.86,19.9,251
19,3,2024,0,2,143.8,267.14,29.12,12.03,0.86,22.86,272
20,3,2024,0,3,155.21,281.48,28.03,11.93,0.92,19.49,298
21,3,2024,0,4,106.91,193.55,23.68,9.83,1.04,22.88,224
22,3,2024,0,5,94.48,169.7,21.1,14.75,1.04,25.71,196
23,3,2024,0,6,138.32,264.94,24.76,9.8,1.03,21.64,301
24,3,2024,1,7,106.85,224.76,21.86,13.16,1.03,13.83,243
25,3,2024,1,1,108.76,155.68,17.03,12.95,1.04,12.55,226
26,3,2024,0,2,65.84,135.51,32.89,11.86,1.02,15.68,102
27,3,2024,0,3,120.87,262.25,46.76,18.64,0.87,25.45,255
28,3,2024,0,4,90.46,207.13,46.29,17.37,0.87,31.26,204
29,3,2024,1,5,107.85,205.28,48.29,14.83,0.87,41.26,208
30,3,2024,0,6,113.98,237.98,51.4,18.08,0.87,28.27,244
31,3,2024,1,7,154.59,310.89,51.26,17.25,0.86,24.16,327
1,4,2024,0,1,81.53,162.48,44.82,17.61,0.88,27.69,170
2,4,2024,0,2,97.28,199.04,55.3,15.61,0.87,39.64,233
3,4,2024,0,3,92.43,205.5,53.52,19.19,0.88,32.85,169
4,4,2024,0,4,102.18,193.26,48.38,20.37,0.87,35.25,244
5,4,2024,0,5,101.58,236.18,46.63,21.69,0.8,36.41,222
6,4,2024,0,6,108.51,224.44,45.4,21.13,0.91,46.82,258
7,4,2024,1,7,135.97,241.84,47.79,26.84,0.91,39.8,277
8,4,2024,0,1,151.08,253.68,48,24.18,0.92,39.56,277
9,4,2024,0,2,114.53,266.14,53.02,21.19,0.79,50.75,259
10,4,2024,0,3,131.3,248.4,54.13,22.45,0.79,60.09,269
11,4,2024,1,4,117.38,260.07,53.34,20.81,0.79,44.85,271
12,4,2024,0,5,138.92,282.94,49.58,24.58,0.83,40.39,287
13,4,2024,0,6,86.43,180.64,33.83,14.88,0.81,23.61,251
14,4,2024,1,7,47.98,137.55,33.62,16.07,0.8,7.17,122
15,4,2024,0,1,78.61,212.73,37.2,18.12,0.82,22.7,169
16,4,2024,0,2,102.64,247.19,34.91,16.53,0.67,25.86,215
17,4,2024,1,3,88.25,176.85,34.38,19.54,0.67,47.61,223
18,4,2024,0,4,73.76,218.67,35.49,16,0.67,37.27,188
19,4,2024,0,5,153.14,296.8,35.48,16.75,0.67,18.54,264.5
20,4,2024,0,6,148.69,351.29,31.4,13.6,0.67,31.12,341
21,4,2024,1,7,99.99,241.35,28.58,22.28,0.67,49.55,259
22,4,2024,0,1,83.1,203.15,29.94,15.39,0.68,31.09,190
23,4,2024,0,2,97.51,313.72,28.94,14.24,0.7,36.65,196.5
24,4,2024,0,3,88.59,248.33,26.78,17,0.7,31.76,203
25,4,2024,0,4,65.28,342.3,29.52,18.67,0.72,42.28,251
26,4,2024,0,5,63.01,272.75,31.85,8.98,0.69,37.78,269
27,4,2024,0,6,42.49,275.27,24.81,10.09,0.7,35.51,188
28,4,2024,1,7,56.69,233.76,26.34,9.21,0.69,43.7,210
29,4,2024,0,1,75.71,337.4,27.82,12.27,0.69,64.26,263
30,4,2024,0,2,81.46,270.77,25.09,11.19,0.69,46.36,229
1,5,2024,0,3,110.74,270.76,24.75,11.2,0.7,54.06,227
2,5,2024,0,4,157.03,306.46,29.68,12.78,0.69,58.03,291
3,5,2024,0,5,239.7,415.83,34.57,18.86,0.69,48.78,353
4,5,2024,0,6,222.95,352.49,35.32,13.65,0.82,48.7,378
5,5,2024,1,7,170.06,344.24,32.75,21.64,0.87,51.76,328
6,5,2024,0,1,157.92,343.73,30.17,11.77,0.88,49.19,307
7,5,2024,0,2,212.35,376.35,29.89,19.53,0.87,53.96,329
8,5,2024,0,3,78.3,240.03,16.57,13.18,1.07,28.9,206
9,5,2024,0,4,59.66,173.39,18.25,14.93,1.04,37.72,162
10,5,2024,0,5,84.82,161.41,17.74,14.84,0.8,49.25,147
11,5,2024,0,6,128.71,296.95,19.49,14.45,0.76,60.47,144.5
12,5,2024,1,7,124.72,172.09,21.96,17.48,0.8,56.06,142
13,5,2024,0,1,111.01,209.96,28.43,15.54,0.8,50.79,286
14,5,2024,0,2,151.23,270.03,31.69,17.18,0.88,43.42,280
15,5,2024,0,3,175.35,276.52,32.82,13.24,0.9,55.83,347
16,5,2024,0,4,131.43,254.64,36.31,14.82,0.83,64.99,294
17,5,2024,0,5,134.91,285.2,34.37,15.7,0.83,40.65,307
18,5,2024,0,6,172.11,327.91,31.27,10.93,0.82,38.94,334
19,5,2024,1,7,176.91,321.87,29.74,9.86,0.83,46.97,346
20,5,2024,0,1,159.63,306.48,29.03,11.27,0.82,42.23,332
21,5,2024,0,2,103.58,268.23,23.46,12.52,0.82,35.75,263
22,5,2024,0,3,70.69,227.98,21.62,12.69,0.83,23.85,181
23,5,2024,1,4,57.95,177.5,26.27,16.47,0.85,31.72,161
24,5,2024,0,5,58.49,142.49,42.79,14.06,0.84,35.19,140
25,5,2024,0,6,80.15,187.86,41.58,16.09,0.83,40.89,139
26,5,2024,1,7,87.83,218.39,48.08,22.41,0.84,47.81,235
27,5,2024,0,1,77.55,249.09,49.15,20.88,0.81,44.51,205
28,5,2024,0,2,152.9,255.29,53.19,15.62,0.93,46.18,296
29,5,2024,0,3,139.98,279.87,48.45,12.81,0.93,28.6,284
30,5,2024,0,4,122.06,244.74,47.1,13.81,0.93,39.15,305
31,5,2024,0,5,111.41,191.06,48.71,15.62,0.93,42.42,250
1,6,2024,0,6,153.06,252.83,46.54,9.6,0.92,28.64,310
2,6,2024,1,7,85.91,180.15,43.84,17.44,0.93,37.95,234
3,6,2024,0,1,96.68,211.89,47.1,18.56,0.93,31.43,181
4,6,2024,0,2,122.69,257.41,45.62,17.39,0.93,31.7,256
5,6,2024,0,3,85.68,304.29,39.4,18,1.03,26.01,270
6,6,2024,0,4,46.07,172.25,24.54,18.01,1.05,35.76,204
7,6,2024,0,5,75.72,374.76,21.71,13.31,1.05,39.84,267
8,6,2024,0,6,66.9,295.53,24.92,15.26,1.05,43.02,270
9,6,2024,1,7,67.95,212.3,27.09,17.05,1.05,51.68,172
10,6,2024,0,1,52.43,203.15,25.58,16.75,1.26,63.29,168
11,6,2024,0,2,74.11,252.21,29.34,23.3,1.52,47.17,209
12,6,2024,0,3,65.95,184.65,29.19,15.31,1.52,47.34,189
13,6,2024,0,4,56.3,107.11,24.87,15.92,1.52,41.32,122
14,6,2024,0,5,44.25,282.74,20.22,22.17,1.29,38.46,182
15,6,2024,0,6,48.96,230.98,18.97,17.03,1.01,32.43,215
16,6,2024,1,7,61.59,213.89,25.12,13.4,1.01,25.21,219
17,6,2024,1,1,61.09,239.84,22.51,13.1,1.01,24.92,173
18,6,2024,0,2,76.98,345.07,22.24,15.34,1.01,16.71,241
19,6,2024,0,3,76.9,335.03,20.72,15.62,1.01,17.27,329
20,6,2024,0,4,58.56,161.79,21.71,13.24,1.01,30.98,180
21,6,2024,0,5,91.18,204.53,16.65,15.53,1.01,11.31,181
22,6,2024,0,6,89.75,148.46,19.3,12.92,1.02,18.56,163
23,6,2024,1,7,61.22,101.33,21.16,13.02,1.01,20.6,145
24,6,2024,0,1,32.13,130.29,24.75,12.56,1.02,14.78,129.5
25,6,2024,0,2,73.07,128.56,22.14,13.89,1.13,16.89,114
26,6,2024,0,3,69.13,141.5,21,15.84,1.14,11.82,90.5
27,6,2024,0,4,33.02,64.83,18.95,16.57,0.89,10.13,67
28,6,2024,0,5,24.28,64.17,14.06,14.42,0.82,10.55,64
29,6,2024,0,6,55.18,109.71,20.55,14.72,0.82,9.97,95
30,6,2024,1,7,73.27,112.71,20.27,12.93,0.81,9.96,95
1,7,2024,0,1,64.66,99.48,19.51,14.29,0.81,11.45,147
2,7,2024,0,2,73.72,113.4,19.3,12.86,0.81,10.5,157
3,7,2024,0,3,57.96,89.17,21.01,11.93,0.87,13.46,125
4,7,2024,0,4,38.26,58.87,22.51,10.71,0.82,25.85,61
5,7,2024,0,5,58.31,89.71,21.25,15.11,0.82,26.6,106
6,7,2024,0,6,38.47,59.18,20.27,12.79,0.82,28.54,63
7,7,2024,1,7,28.29,43.53,21.37,13.3,0.82,19.93,52
8,7,2024,0,1,35.95,55.3,25.07,13.1,0.82,26.38,53
9,7,2024,0,2,79.97,93.35,20.9,14.71,0.83,22.05,91
10,7,2024,0,3,67.51,103.67,22.72,13.14,0.83,22.59,169
11,7,2024,0,4,65.97,101.43,24.67,13.61,0.82,34.9,108
12,7,2024,0,5,56.83,87.44,20.11,13.32,0.84,29.69,135
13,7,2024,0,6,35.36,54.39,18.01,13.93,0.88,35.67,63
14,7,2024,1,7,48.12,74.05,21.94,12.29,0.88,54.23,150
15,7,2024,0,1,30.64,47.14,18.96,13.06,0.87,10.47,62
16,7,2024,0,2,38.46,59.16,17.14,12.27,0.88,6.97,57
17,7,2024,1,3,32.71,50.33,18.55,13,0.87,7.81,59
18,7,2024,0,4,34.15,52.54,18.79,12.45,0.87,8.22,62
19,7,2024,0,5,64.72,99.56,19.6,11.64,0.88,12.84,86
20,7,2024,0,6,47.66,73.33,16.86,11.93,0.88,13.66,97
21,7,2024,1,7,46.76,71.92,17.82,12.57,0.88,13.09,79
22,7,2024,0,1,38.73,59.6,16.94,12.6,0.88,15.31,69
23,7,2024,0,2,57.41,88.33,19.47,11.61,0.86,7.26,84
24,7,2024,0,3,65.17,100.26,24.6,11.07,0.88,9.23,106
25,7,2024,0,4,55.09,98.69,22.85,13.21,0.88,9.83,144
26,7,2024,0,5,50.27,89.26,23.53,13.05,0.88,9.74,89
27,7,2024,0,6,68.41,105.24,23.32,13.07,0.87,9.3,139
28,7,2024,1,7,45.19,69.35,23.91,12.53,0.88,9.89,84
29,7,2024,0,1,47.94,73.77,21.9,13.41,0.88,9.89,74
30,7,2024,0,2,50.12,77.1,18.42,13.92,0.88,9.41,91
31,7,2024,0,3,50.61,77.86,18.38,11.04,0.88,8.63,79
1,8,2024,0,4,23.36,35.93,22.29,12.16,0.88,9.08,50
2,8,2024,0,5,41.14,63.3,22.16,13.62,0.88,9,65
3,8,2024,0,6,43.24,66.52,18.27,14.19,0.82,9.19,68
4,8,2024,1,7,37.55,57.77,19.42,12.77,0.81,9.79,68
5,8,2024,0,1,32.88,57.12,16.72,12.67,0.81,9.59,61
6,8,2024,0,2,23.58,57.4,13.66,13.34,0.81,11.71,55
7,8,2024,0,3,23.42,47.38,18.22,13.22,0.82,17.22,56
8,8,2024,0,4,20.27,37.28,13.7,13.09,0.85,21.36,42
9,8,2024,0,5,31.86,55.68,13.87,12.31,0.81,21.51,51
10,8,2024,0,6,30.5,60.32,16.08,12.25,0.82,22.26,58
11,8,2024,1,7,27.03,50.23,14.74,13.49,0.81,21.83,61
12,8,2024,0,1,29.18,53.12,16.69,13,0.82,23.1,46
13,8,2024,0,2,17.4,38.13,15.74,9.74,0.79,21.59,44
14,8,2024,0,3,40.63,71.4,14.01,9.53,0.97,22.92,69
15,8,2024,1,4,27.73,57.39,12.54,9.74,0.96,23.17,62
16,8,2024,0,5,20.22,36.76,13.26,8.98,0.97,22.07,50
17,8,2024,0,6,28.21,50.38,13.71,9.85,0.97,24.53,50
18,8,2024,1,7,28.42,82.24,13.22,10.11,0.97,22.47,62
19,8,2024,0,1,18.79,91.86,13.79,9.74,0.97,21.32,101
20,8,2024,0,2,20.14,47.58,16.08,9.54,0.97,22.02,55
21,8,2024,0,3,28.33,85.83,18.08,9.69,0.95,21.86,65
22,8,2024,0,4,27.06,88.33,15.27,9.62,0.97,21.63,92
23,8,2024,0,5,27.88,66.32,16.76,9.14,0.97,23.28,68
24,8,2024,0,6,53.09,112.42,21.95,9.46,0.96,23.2,100
25,8,2024,1,7,28.66,89.61,19.41,9.65,0.96,21.35,102
26,8,2024,1,1,26.21,58.52,14.62,9.64,0.96,22.11,57
27,8,2024,0,2,23.53,37.55,16.22,8.99,0.97,21.62,49
28,8,2024,0,3,23.84,37.06,16.45,9.94,0.96,22.62,49
29,8,2024,0,4,18.7,35.44,17.09,8.71,0.97,21.69,50
30,8,2024,0,5,29.94,84.96,16.68,10.16,0.97,21.51,61
31,8,2024,0,6,42.28,111.39,14.21,10.05,0.97,22.42,98
1,9,2024,1,7,45.34,103.26,16.65,8.6,0.97,21.01,115
2,9,2024,0,1,30.44,65.08,18.27,9.61,0.97,22.43,72
3,9,2024,0,2,34.03,79.3,15.92,7.3,1.12,22.95,68
4,9,2024,0,3,24.51,48.95,15.67,10.4,1.13,21.3,68
5,9,2024,0,4,33.58,58.59,16.33,9.03,1.14,24.37,53
6,9,2024,0,5,20.61,49.21,16.14,11.14,1.14,21.1,61
7,9,2024,0,6,24.41,46.78,20.63,9.09,1.13,22.85,53
8,9,2024,1,7,37.65,64.76,18.21,10.42,1.14,22.05,56
9,9,2024,0,1,39.76,85.59,15.21,9.53,1.13,21.73,81
10,9,2024,0,2,52.03,86.27,17.94,9.48,1.14,27.91,99
11,9,2024,0,3,33.16,78.69,18.72,9.77,1.15,22.35,61
12,9,2024,0,4,20.92,40.76,19.25,10.02,1.11,23.44,65
13,9,2024,0,5,16.04,25.41,17.58,9.82,1.14,19.93,53
14,9,2024,0,6,28.8,80.6,18.01,10.18,1.13,17.14,53
15,9,2024,1,7,38.4,113.91,14.95,10.74,1.12,14.53,104
16,9,2024,1,1,39.41,162.66,17.08,9.56,1.14,14.75,123
17,9,2024,0,2,46.23,160.1,16.74,7.58,1.14,15.2,153
18,9,2024,0,3,42.37,97.11,20.57,10,1.13,16.02,124
19,9,2024,0,4,35.25,79.97,16.59,9.88,1.13,14.34,54
20,9,2024,0,5,24.2,95.58,18.24,8.91,1.14,13.69,97
21,9,2024,0,6,39.25,145.61,19.09,9.06,1.13,14.53,120
22,9,2024,1,7,65.51,170.99,17.83,8.85,1.11,13.98,146
23,9,2024,0,1,71.36,202.26,17.27,8.03,0.88,12.32,153
24,9,2024,0,2,79.39,202.25,18.5,9.92,1.86,12.35,186
25,9,2024,0,3,66.31,156.84,18.02,10.27,1.52,12.29,158
26,9,2024,0,4,26.35,60.64,14.75,9.09,1.38,12.71,76
27,9,2024,0,5,21.81,43.05,17.67,8.54,1.09,10.83,54
28,9,2024,0,6,16.89,55.61,17.84,9.38,1.24,13.95,50
29,9,2024,1,7,25.93,80.23,19.01,9.72,1.15,15.29,70
30,9,2024,0,1,60.93,168.36,21.68,9.99,1.36,17.92,129
1,10,2024,0,2,55.45,192.18,17.15,10.19,0.82,17.62,156
2,10,2024,1,3,53.8,216.62,18.75,10.2,1.14,16.17,164
3,10,2024,0,4,45.44,240.11,21.89,10.58,0.72,14.54,167
4,10,2024,0,5,58.35,192.3,19.02,9.77,0.64,9.42,170
5,10,2024,0,6,43.85,133.06,18.49,9.44,0.62,7.62,133
6,10,2024,1,7,56.9,151.14,17.96,8.24,0.61,11.46,129
7,10,2024,0,1,51.19,142.65,16.35,10.15,0.52,13.5,128
8,10,2024,0,2,65.61,179.13,30.3,8.76,0.31,14.27,145
9,10,2024,0,3,70.75,216.91,48.94,9.53,1.38,16.68,187
10,10,2024,0,4,60.91,170.38,46.74,9.72,1.46,15.34,142
11,10,2024,0,5,67.65,150.54,48.46,10.34,1.19,17.4,152
12,10,2024,1,6,77.31,189.07,51.07,10.43,1.11,16.41,154
13,10,2024,1,7,92.45,224.59,54.1,11.47,1.38,14.88,217
14,10,2024,0,1,93.17,226.25,39.31,9.66,1.09,14.5,199
15,10,2024,0,2,97.82,249.37,26.25,9.93,1.28,15.73,203
16,10,2024,0,3,104.59,270.38,28.11,10.3,1.33,14.94,238
17,10,2024,0,4,130.06,337.3,30.37,12.33,1.69,23.68,268
18,10,2024,0,5,117.43,333.23,30.57,10.46,1.39,15.25,288
19,10,2024,0,6,104.81,321.13,29.53,12.69,2.33,13.76,296
20,10,2024,1,7,116.41,289.79,29.25,13.08,1.63,18.6,248
21,10,2024,0,1,122.61,292.4,27.3,13.03,1.53,20.27,254
22,10,2024,0,2,140.05,358.05,25.32,12.33,1.2,23.25,289
23,10,2024,0,3,187.49,482.19,24.06,10.95,0.55,17.13,398
24,10,2024,0,4,139.78,384.68,22.23,10.71,2.14,18.47,356
25,10,2024,0,5,100.09,330.28,23.64,8.78,1.52,16.45,299
26,10,2024,0,6,120.51,356.47,24.41,9.93,2.06,19.31,275
27,10,2024,1,7,138.31,365.35,30.19,10.98,1.66,19.31,333
28,10,2024,0,1,100.58,285.31,22.52,9.68,1.52,14.78,274
29,10,2024,0,2,87.49,261.04,17.16,10.73,1.99,13.88,208
30,10,2024,0,3,130.46,313.23,27.25,9.68,1.21,14.75,254
31,10,2024,1,4,181.68,264.12,33.98,10.72,1.34,12.21,315
1,11,2024,0,5,185.82,425.22,31.61,14.78,1.29,14.6,336
2,11,2024,0,6,117.86,404.26,35.79,15.15,1.54,13.12,302
3,11,2024,1,7,114.49,557.37,41.34,15.28,1.38,19.1,413
4,11,2024,0,1,90.38,522.81,37.44,14.31,1.34,14.01,414
5,11,2024,0,2,324.16,442.79,37.46,17.45,1.59,18.52,409
6,11,2024,0,3,279.45,418.89,39.91,19.06,1.55,15.11,449
7,11,2024,0,4,138.75,395.81,38.96,17.95,1.28,16.71,348
8,11,2024,0,5,189.75,342.08,34.34,18.24,1.24,14.56,321
9,11,2024,0,6,189.71,327.91,27.9,18.56,1.66,16.34,362
10,11,2024,1,7,196.58,319.88,31.18,17.84,1.45,17.79,347
11,11,2024,0,1,228.67,343.61,37.48,18.36,1.45,17.63,393
12,11,2024,0,2,175.9,240.93,30.22,17.81,1.48,17.57,331
13,11,2024,0,3,359.61,591.52,24.98,18.03,1.81,16.82,397
14,11,2024,0,4,291.32,587.36,31.44,18.31,2.23,16.27,442
15,11,2024,1,5,226.06,441.19,27.56,18.72,2.35,16.86,391
16,11,2024,0,6,252.41,503.41,30.95,18.31,2,13.36,386
17,11,2024,1,7,329.56,669.36,31.62,18.23,1.7,12.18,440
18,11,2024,0,1,455.13,819.24,26.34,18.74,1.99,10.16,498
19,11,2024,0,2,246.49,464.89,27.41,17.71,2.06,10.11,428
20,11,2024,0,3,224.21,403.01,32.02,18.49,1.85,14.1,396
21,11,2024,0,4,174.93,354.03,33.28,18.61,1.78,14.6,341
22,11,2024,0,5,212.12,473.92,34.09,19.65,1.87,14.15,360
23,11,2024,0,6,178.16,396.07,34.55,18.08,1.98,13.05,397
24,11,2024,1,7,132.07,329.53,30.4,18.82,1.8,12.18,273
25,11,2024,0,1,149.66,319.24,27.46,18.05,1.27,11.52,274
26,11,2024,0,2,133.23,231.29,28.94,17.89,1.5,12.23,318
27,11,2024,0,3,124.47,245.61,34.75,20.94,1.63,11.7,277
28,11,2024,0,4,138.47,346.44,31.57,22.39,2.16,15.4,278
29,11,2024,0,5,192.44,421.8,34.78,20.39,1.89,15.7,355
30,11,2024,0,6,180.18,355.48,33.83,19.82,2.21,14.67,357
1,12,2024,1,7,123.33,287.42,29.5,20.51,1.96,15.17,290
2,12,2024,0,1,104.06,290.8,30.44,20.9,2.1,14.87,238
3,12,2024,0,2,122.75,249.52,30.61,20.59,1.67,15.05,273
4,12,2024,0,3,75.36,225.19,28.22,20.38,1.89,16.03,212
5,12,2024,0,4,62.87,211.63,26.89,20.19,2.24,17.43,183
6,12,2024,0,5,72.17,214.3,31.92,18.83,3.26,17.91,179
7,12,2024,0,6,73.11,218.13,38.56,13.03,4.39,22.8,176
8,12,2024,1,7,83.89,230.62,36.48,13.37,1.39,27.14,218
9,12,2024,0,1,55.83,167.45,26.76,11.64,1.4,23.08,145
10,12,2024,0,2,61.55,178.32,27.59,13.58,0.94,21.33,147
11,12,2024,0,3,55.94,223.57,31.78,12.7,0.24,22.63,170
12,12,2024,0,4,84.92,264.88,33.48,13.17,0.68,21.34,224
13,12,2024,0,5,52.14,223.99,27.43,13.03,0.66,23.65,214
14,12,2024,0,6,48.97,164.64,28.7,13.44,0.7,24.96,127
15,12,2024,1,7,81.61,262.22,38.27,13.81,0.23,21.83,177
16,12,2024,0,1,90.02,324.27,39.22,13.89,0.25,20.94,261
17,12,2024,0,2,136.81,431.31,58.21,14.02,2.06,24.42,300
18,12,2024,0,3,183.92,463.83,60.64,13.22,0.61,19.44,382
19,12,2024,0,4,180.73,435.96,61.19,12.68,0.87,21.98,388
20,12,2024,0,5,175.41,426.85,55.9,13.38,0.88,23.32,363
21,12,2024,0,6,121.46,329.47,56.66,12.87,0.53,21.16,277
22,12,2024,1,7,156.46,353.38,58.53,12.37,0.59,20.19,319
23,12,2024,0,1,126.01,319.99,49.09,15.63,0.81,17.27,262
24,12,2024,0,2,106.18,286.79,49.52,12.44,0.5,18.59,270
25,12,2024,1,3,119.61,313.28,53.52,12.9,0.71,16.8,260
26,12,2024,0,4,115.59,315.67,50.77,14.11,0.76,19.66,247
27,12,2024,0,5,88.87,207.8,46.84,12.82,1.16,14.42,271
28,12,2024,0,6,55.08,117.37,45.07,12.65,0.87,14.12,192.5
29,12,2024,1,7,53.17,118.8,40.12,12.39,0.93,14.47,114
30,12,2024,0,1,49.95,123.37,41.16,12.67,0.99,15.26,112
31,12,2024,0,2,62.86,156.64,45.58,12.22,1.04,15.61,136
